circ_locus_id	junction_id	chr	start	end	strand	n_samples	n_records	sample_list	tumor_types	max_n_exons	max_circle_length	has_canonical_splice	frac_canonical	median_ccs_passes	confidence_score	confidence_tier	db_status	in_circBase	host_gene	host_gene_id	host_gene_brain_tpm	low_normal_brain_expression
CIRC_J00331	chrM:3484-9990(+)	chrM	3484	9990	+	2	2	SRR31451029,SRR31451032	GB	2	899	True	1.0	81.0	4	HIGH	novel	False	MT-CO1	ENSG00000198804.2	70117.1	False
CIRC_J00352	chrM:5289-9991(-)	chrM	5289	9991	-	2	2	SRR31451021,SRR31451041	GB,LGG	2	717	True	1.0	124.0	4	HIGH	novel	False	intergenic			
CIRC_J00001	chr1:10184096-10308579(+)	chr1	10184096	10308579	+	1	1	SRR31451037	GB	2	761	True	1.0	60.0	3	MEDIUM	novel	False	KIF1B	ENSG00000054523.20	105.813	False
CIRC_J00002	chr1:10381267-10483854(-)	chr1	10381267	10483854	-	1	1	SRR31451031	GB	2	431	True	1.0	92.0	3	MEDIUM	novel	False	DFFA	ENSG00000160049.12	18.5174	False
CIRC_J00004	chr1:20703454-20743280(+)	chr1	20703454	20743280	+	1	1	SRR31451019	LGG	2	675	True	1.0	67.0	3	MEDIUM	novel	False	intergenic			
CIRC_J00006	chr1:26280655-26475959(+)	chr1	26280655	26475959	+	1	1	SRR31451025	LGG	7	1291	True	1.0	56.0	3	MEDIUM	novel	False	DHDDS	ENSG00000117682.18	95.0778	False
CIRC_J00007	chr1:26322820-26475974(-)	chr1	26322820	26475974	-	1	1	SRR31451036	GB	2	785	True	1.0	66.0	3	MEDIUM	novel	False	CRYBG2	ENSG00000176092.17	0.107945	True
CIRC_J00008	chr1:39881415-40072644(-)	chr1	39881415	40072644	-	1	1	SRR31451020	LGG	2	581	True	1.0	76.0	3	MEDIUM	novel	False	MYCL	ENSG00000116990.12	1.04343	False
CIRC_J00009	chr1:45427730-45514597(-)	chr1	45427730	45514597	-	1	1	SRR31451033	GB	3	543	True	1.0	74.0	3	MEDIUM	novel	False	TESK2	ENSG00000070759.17	16.5974	False
CIRC_J00010	chr1:45511040-45552038(+)	chr1	45511040	45552038	+	1	1	SRR31451039	GB	2	458	True	1.0	47.0	3	MEDIUM	novel	False	MMACHC	ENSG00000132763.15	3.86529	False
CIRC_J00011	chr1:84498337-84638298(-)	chr1	84498337	84638298	-	1	1	SRR31451027	GB	4	691	True	1.0	127.0	3	MEDIUM	novel	False	CTBS	ENSG00000117151.13	4.78516	False
CIRC_J00012	chr1:84498341-84595429(+)	chr1	84498341	84595429	+	1	1	SRR31451028	GB	4	578	True	1.0	548.0	3	MEDIUM	novel	False	SPATA1	ENSG00000122432.19	0.662645	True
CIRC_J00014	chr1:109279565-109302126(-)	chr1	109279565	109302126	-	1	1	SRR31451031	GB	2	602	True	1.0	48.0	3	MEDIUM	novel	False	MYBPHL	ENSG00000221986.7	2.02052	False
CIRC_J00015	chr1:109302091-109309934(-)	chr1	109302091	109309934	-	1	1	SRR31451038	GB	2	443	True	1.0	53.0	3	MEDIUM	novel	False	MYBPHL	ENSG00000221986.7	2.02052	False
CIRC_J00016	chr1:112701133-112840734(-)	chr1	112701133	112840734	-	1	1	SRR31451033	GB	2	451	True	1.0	72.0	3	MEDIUM	novel	False	ENSG00000271810	ENSG00000271810.5		False
CIRC_J00017	chr1:145854302-145993546(-)	chr1	145854302	145993546	-	1	1	SRR31451017	GB	2	1225	True	1.0	105.0	3	MEDIUM	novel	False	LIX1L	ENSG00000271601.4	16.1396	False
CIRC_J00018	chr1:145977992-145992993(+)	chr1	145977992	145992993	+	1	1	SRR31451037	GB	2	657	True	1.0	57.0	3	MEDIUM	novel	False	POLR3GL	ENSG00000121851.13	55.4091	False
CIRC_J00019	chr1:150265406-150426845(-)	chr1	150265406	150426845	-	1	1	SRR31451036	GB	2	950	True	1.0	60.0	3	MEDIUM	novel	False	APH1A	ENSG00000117362.13	59.4678	False
CIRC_J00021	chr1:151292131-151428280(+)	chr1	151292131	151428280	+	1	1	SRR31451020	LGG	2	442	True	1.0	51.0	3	MEDIUM	novel	False	PSMB4	ENSG00000159377.11	319.935	False
CIRC_J00022	chr1:153337462-153535378(+)	chr1	153337462	153535378	+	1	1	SRR31451017	GB	3	464	True	1.0	373.0	3	MEDIUM	novel	False	S100A7A	ENSG00000184330.12	0.0	True
CIRC_J00023	chr1:153618804-153686009(-)	chr1	153618804	153686009	-	1	1	SRR31451017	GB	3	531	True	1.0	85.0	3	MEDIUM	novel	False	S100A13	ENSG00000189171.15	95.98	False
CIRC_J00024	chr1:154697446-154714510(+)	chr1	154697446	154714510	+	1	1	SRR31451036	GB	2	503	True	1.0	79.0	3	MEDIUM	novel	False	intergenic			
CIRC_J00026	chr1:159859102-160038300(+)	chr1	159859102	160038300	+	1	1	SRR31451024	LGG	2	907	True	1.0	59.0	3	MEDIUM	novel	False	intergenic			
CIRC_J00027	chr1:160212367-160216290(+)	chr1	160212367	160216290	+	1	1	SRR31451033	GB	2	648	True	1.0	53.0	3	MEDIUM	novel	False	PEA15	ENSG00000162734.13	2208.6	False
CIRC_J00028	chr1:166856524-167056607(+)	chr1	166856524	167056607	+	1	1	SRR31451024	LGG	2	610	True	1.0	56.0	3	MEDIUM	novel	False	MAEL	ENSG00000143194.13	2.54959	False
CIRC_J00030	chr1:202891126-202919470(+)	chr1	202891126	202919470	+	1	1	SRR31451020	LGG	2	746	True	1.0	68.0	3	MEDIUM	novel	False	intergenic			
CIRC_J00031	chr1:203028398-203186736(+)	chr1	203028398	203186736	+	1	1	SRR31451017	GB	11	1874	True	1.0	1918.0	3	MEDIUM	novel	False	ADORA1	ENSG00000163485.18	43.1844	False
CIRC_J00032	chr1:212445848-212622392(+)	chr1	212445848	212622392	+	1	1	SRR31451038	GB	2	356	True	1.0	42.0	3	MEDIUM	novel	False	ATF3	ENSG00000162772.18	19.0627	False
CIRC_J00033	chr1:214332104-214460446(-)	chr1	214332104	214460446	-	1	1	SRR31451021	LGG	4	752	True	1.0	675.0	3	MEDIUM	novel	False	PTPN14	ENSG00000152104.12	2.27195	False
CIRC_J00034	chr1:225652049-225845534(-)	chr1	225652049	225845534	-	1	1	SRR31451020	LGG	5	945	True	1.0	90.0	3	MEDIUM	novel	False	ENAH	ENSG00000154380.19	13.3679	False
CIRC_J00035	chr1:225789875-225874245(+)	chr1	225789875	225874245	+	1	1	SRR31451020	LGG	2	696	True	1.0	79.0	3	MEDIUM	novel	False	EPHX1	ENSG00000143819.13	87.4117	False
CIRC_J00036	chr1:226062726-226165863(+)	chr1	226062726	226165863	+	1	1	SRR31451025	LGG	5	1122	True	1.0	54.0	3	MEDIUM	novel	False	H3-3A	ENSG00000163041.13	34.4137	False
CIRC_J00037	chr1:248754441-248942862(-)	chr1	248754441	248942862	-	1	1	SRR31451031	GB	2	706	True	1.0	43.0	3	MEDIUM	novel	False	SH3BP5L	ENSG00000175137.11	33.7796	False
CIRC_J00038	chr10:17229867-17412346(-)	chr10	17229867	17412346	-	1	1	SRR31451020	LGG	10	1368	True	1.0	389.0	3	MEDIUM	novel	False	ST8SIA6	ENSG00000148488.17	1.61562	False
CIRC_J00039	chr10:45974553-46005512(-)	chr10	45974553	46005512	-	1	1	SRR31451039	GB	2	541	True	1.0	57.0	3	MEDIUM	known	True	NCOA4	ENSG00000266412.6	63.9128	False
CIRC_J00040	chr10:58144201-58287991(+)	chr10	58144201	58287991	+	1	1	SRR31451026	LGG	3	615	True	1.0	72.0	3	MEDIUM	novel	False	CISD1	ENSG00000122873.12	35.5118	False
CIRC_J00041	chr10:66929784-67104827(+)	chr10	66929784	67104827	+	1	1	SRR31451022	LGG	2	817	True	1.0	82.0	3	MEDIUM	novel	False	LRRTM3	ENSG00000198739.11	8.3146	False
CIRC_J00042	chr10:71816286-71951834(-)	chr10	71816286	71951834	-	1	1	SRR31451024	LGG	2	616	True	1.0	80.0	3	MEDIUM	novel	False	PSAP	ENSG00000197746.15	993.139	False
CIRC_J00043	chr10:73779418-73961461(+)	chr10	73779418	73961461	+	1	1	SRR31451042	GB	2	934	True	1.0	944.0	3	MEDIUM	novel	False	ZSWIM8	ENSG00000214655.11	67.0502	False
CIRC_J00046	chr10:100282268-100364822(-)	chr10	100282268	100364822	-	1	1	SRR31451039	GB	2	635	True	1.0	59.0	3	MEDIUM	novel	False	PKD2L1	ENSG00000107593.17	2.85067	False
CIRC_J00048	chr10:121966373-121982378(-)	chr10	121966373	121982378	-	1	1	SRR31451038	GB	2	799	True	1.0	68.0	3	MEDIUM	novel	False	NSMCE4A	ENSG00000107672.15	19.055	False
CIRC_J00049	chr11:176130-315236(-)	chr11	176130	315236	-	1	1	SRR31451036	GB	3	636	True	1.0	84.0	3	MEDIUM	novel	False	BET1L	ENSG00000177951.18	33.0403	False
CIRC_J00051	chr11:840224-1017387(-)	chr11	840224	1017387	-	1	1	SRR31451032	GB	3	470	True	1.0	43.0	3	MEDIUM	novel	False	CHID1	ENSG00000177830.18	17.2379	False
CIRC_J00052	chr11:1670522-1753395(+)	chr11	1670522	1753395	+	1	1	SRR31451039	GB	2	796	True	1.0	86.0	3	MEDIUM	novel	False	KRTAP5-6	ENSG00000205864.1	0.075693	True
CIRC_J00053	chr11:1752758-1862066(+)	chr11	1752758	1862066	+	1	1	SRR31451025	LGG	2	413	True	1.0	63.0	3	MEDIUM	novel	False	LSP1	ENSG00000130592.17	3.02787	False
CIRC_J00054	chr11:2362083-2397394(-)	chr11	2362083	2397394	-	1	1	SRR31451024	LGG	2	567	True	1.0	76.0	3	MEDIUM	novel	False	intergenic			
CIRC_J00055	chr11:5160750-5227069(+)	chr11	5160750	5227069	+	1	1	SRR31451039	GB	4	778	True	1.0	50.0	3	MEDIUM	novel	False	intergenic			
CIRC_J00056	chr11:10698461-10799565(+)	chr11	10698461	10799565	+	1	1	SRR31451024	LGG	5	1275	True	1.0	44.0	3	MEDIUM	novel	False	CTR9	ENSG00000198730.10	24.1065	False
CIRC_J00057	chr11:10698469-10797435(+)	chr11	10698469	10797435	+	1	1	SRR31451028	GB	2	452	True	1.0	78.0	3	MEDIUM	novel	False	CTR9	ENSG00000198730.10	24.1065	False
CIRC_J00058	chr11:11796306-11956945(+)	chr11	11796306	11956945	+	1	1	SRR31451020	LGG	2	575	True	1.0	66.0	3	MEDIUM	novel	False	USP47	ENSG00000170242.19	63.765	False
CIRC_J00060	chr11:14422789-14513699(-)	chr11	14422789	14513699	-	1	1	SRR31451024	LGG	5	874	True	1.0	150.0	3	MEDIUM	novel	False	COPB1	ENSG00000129083.13	42.2963	False
CIRC_J00061	chr11:14504882-14589412(+)	chr11	14504882	14589412	+	1	1	SRR31451039	GB	5	733	True	1.0	77.0	3	MEDIUM	novel	False	intergenic			
CIRC_J00063	chr11:31929611-32105536(-)	chr11	31929611	32105536	-	1	1	SRR31451017	GB	2	1054	True	1.0	771.0	3	MEDIUM	novel	False	intergenic			
CIRC_J00064	chr11:46318755-46429157(+)	chr11	46318755	46429157	+	1	1	SRR31451018	LGG	2	707	True	1.0	83.0	3	MEDIUM	novel	False	DGKZ	ENSG00000149091.15	170.803	False
CIRC_J00065	chr11:61775582-61965112(-)	chr11	61775582	61965112	-	1	1	SRR31451029	GB	3	561	True	1.0	92.0	3	MEDIUM	novel	False	FADS1	ENSG00000149485.19	20.441	False
CIRC_J00066	chr11:61775760-61967627(+)	chr11	61775760	61967627	+	1	1	SRR31451024	LGG	5	979	True	1.0	847.0	3	MEDIUM	novel	False	FADS2	ENSG00000134824.14	62.7859	False
CIRC_J00067	chr11:65542917-65718542(+)	chr11	65542917	65718542	+	1	1	SRR31451033	GB	2	958	True	1.0	47.0	3	MEDIUM	novel	False	PCNX3	ENSG00000197136.5	33.4679	False
CIRC_J00069	chr11:75401640-75507982(+)	chr11	75401640	75507982	+	1	1	SRR31451020	LGG	5	734	True	1.0	68.0	3	MEDIUM	novel	False	RPS3	ENSG00000149273.15	167.359	False
CIRC_J00070	chr11:126100557-126262583(-)	chr11	126100557	126262583	-	1	1	SRR31451027	GB	2	412	True	1.0	67.0	3	MEDIUM	novel	False	RPUSD4	ENSG00000165526.9	26.2897	False
CIRC_J00073	chr12:14439805-14502922(+)	chr12	14439805	14502922	+	1	1	SRR31451023	LGG	2	841	True	1.0	68.0	3	MEDIUM	novel	False	ATF7IP	ENSG00000171681.13	18.4039	False
CIRC_J00074	chr12:14439819-14502649(+)	chr12	14439819	14502649	+	1	1	SRR31451018	LGG	2	570	True	1.0	51.0	3	MEDIUM	novel	False	ATF7IP	ENSG00000171681.13	18.4039	False
CIRC_J00075	chr12:22065153-22264287(+)	chr12	22065153	22264287	+	1	1	SRR31451017	GB	2	630	True	1.0	54.0	3	MEDIUM	novel	False	CMAS	ENSG00000111726.13	106.516	False
CIRC_J00076	chr12:40919212-41072415(+)	chr12	40919212	41072415	+	1	1	SRR31451017	GB	2	386	True	1.0	47.0	3	MEDIUM	novel	False	CNTN1	ENSG00000018236.15	133.846	False
CIRC_J00077	chr12:48147789-48338055(-)	chr12	48147789	48338055	-	1	1	SRR31451033	GB	2	401	True	1.0	84.0	3	MEDIUM	novel	False	ASB8	ENSG00000177981.11	33.5402	False
CIRC_J00078	chr12:53665184-53739229(+)	chr12	53665184	53739229	+	1	1	SRR31451037	GB	5	724	True	1.0	120.0	3	MEDIUM	novel	False	intergenic			
CIRC_J00079	chr12:53665184-53765308(+)	chr12	53665184	53765308	+	1	1	SRR31451028	GB	5	713	True	1.0	57.0	3	MEDIUM	novel	False	intergenic			
CIRC_J00082	chr12:68549691-68742698(+)	chr12	68549691	68742698	+	1	1	SRR31451023	LGG	3	570	True	1.0	67.0	3	MEDIUM	novel	False	RAP1B	ENSG00000127314.18	4.52967	False
CIRC_J00084	chr12:117848702-118061182(+)	chr12	117848702	118061182	+	1	1	SRR31451028	GB	10	2583	True	1.0	61.0	3	MEDIUM	novel	False	RFC5	ENSG00000111445.14	10.7471	False
CIRC_J00085	chr12:122094379-122208175(+)	chr12	122094379	122208175	+	1	1	SRR31451039	GB	2	498	True	1.0	53.0	3	MEDIUM	novel	False	MLXIP	ENSG00000175727.15	28.8881	False
CIRC_J00086	chr12:124911659-124916682(-)	chr12	124911659	124916682	-	1	1	SRR31451035	GB	2	415	True	1.0	74.0	3	MEDIUM	novel	False	UBC	ENSG00000150991.16	305.161	False
CIRC_J00089	chr12:128707544-128821271(-)	chr12	128707544	128821271	-	1	1	SRR31451036	GB	2	449	True	1.0	68.0	3	MEDIUM	novel	False	SLC15A4	ENSG00000139370.12	28.856	False
CIRC_J00090	chr12:132951810-133063274(-)	chr12	132951810	133063274	-	1	1	SRR31451031	GB	2	605	True	1.0	76.0	3	MEDIUM	novel	False	ZNF605	ENSG00000196458.11	18.2592	False
CIRC_J00091	chr13:19673156-19785668(+)	chr13	19673156	19785668	+	1	1	SRR31451032	GB	2	388	True	1.0	59.0	3	MEDIUM	known	False	MPHOSPH8	ENSG00000196199.14	69.3159	False
CIRC_J00092	chr13:28468950-28678159(+)	chr13	28468950	28678159	+	1	1	SRR31451018	LGG	7	669	True	1.0	616.0	3	MEDIUM	novel	False	POMP	ENSG00000132963.9	113.166	False
CIRC_J00093	chr13:28655550-28678199(+)	chr13	28655550	28678199	+	1	1	SRR31451041	GB	7	677	True	1.0	52.0	3	MEDIUM	novel	False	POMP	ENSG00000132963.9	113.166	False
CIRC_J00095	chr13:45336876-45351652(-)	chr13	45336876	45351652	-	1	1	SRR31451038	GB	2	486	True	1.0	66.0	3	MEDIUM	novel	False	TPT1	ENSG00000133112.17	422.65	False
CIRC_J00096	chr13:45337203-45488270(+)	chr13	45337203	45488270	+	1	1	SRR31451029	GB	4	511	True	1.0	460.0	3	MEDIUM	novel	False	COG3	ENSG00000136152.15	23.8043	False
CIRC_J00097	chr13:110385381-110523459(-)	chr13	110385381	110523459	-	1	1	SRR31451031	GB	2	477	True	1.0	48.0	3	MEDIUM	novel	False	RAB20	ENSG00000139832.5	8.93464	False
CIRC_J00098	chr14:34362739-34541692(-)	chr14	34362739	34541692	-	1	1	SRR31451032	GB	2	382	True	1.0	43.0	3	MEDIUM	novel	False	EGLN3	ENSG00000129521.15	10.4724	False
CIRC_J00099	chr14:49583577-49653221(+)	chr14	49583577	49653221	+	1	1	SRR31451040	GB	4	372	True	1.0	358.0	3	MEDIUM	novel	False	LRR1	ENSG00000165501.17	2.52349	False
CIRC_J00100	chr14:77612131-77717602(+)	chr14	77612131	77717602	+	1	1	SRR31451020	LGG	5	460	True	1.0	78.0	3	MEDIUM	novel	False	SLIRP	ENSG00000119705.10	38.5719	False
CIRC_J00101	chr14:100324839-100334241(+)	chr14	100324839	100334241	+	1	1	SRR31451033	GB	2	534	True	1.0	46.0	3	MEDIUM	novel	False	SLC25A47	ENSG00000140107.12	0.0710926	True
CIRC_J00103	chr14:101921742-102081391(+)	chr14	101921742	102081391	+	1	1	SRR31451021	LGG	2	430	True	1.0	60.0	3	MEDIUM	novel	False	DYNC1H1	ENSG00000197102.14	139.971	False
CIRC_J00104	chr15:22869460-22965139(-)	chr15	22869460	22965139	-	1	1	SRR31451038	GB	2	648	True	1.0	81.0	3	MEDIUM	novel	False	CYFIP1	ENSG00000273749.5	17.0979	False
CIRC_J00105	chr15:64048815-64144245(-)	chr15	64048815	64144245	-	1	1	SRR31451036	GB	2	766	True	1.0	47.0	3	MEDIUM	novel	False	DAPK2	ENSG00000035664.11	2.63567	False
CIRC_J00106	chr15:69385988-69455546(-)	chr15	69385988	69455546	-	1	1	SRR31451036	GB	5	614	True	1.0	548.0	3	MEDIUM	novel	False	intergenic			
CIRC_J00108	chr15:77046030-77137855(-)	chr15	77046030	77137855	-	1	1	SRR31451028	GB	2	455	True	1.0	44.0	3	MEDIUM	novel	False	TSPAN3	ENSG00000140391.15	87.7672	False
CIRC_J00109	chr15:82346661-82372895(+)	chr15	82346661	82372895	+	1	1	SRR31451018	LGG	2	763	True	1.0	711.0	3	MEDIUM	novel	False	intergenic			
CIRC_J00110	chr15:82349086-82372738(-)	chr15	82349086	82372738	-	1	1	SRR31451032	GB	2	626	True	1.0	79.0	3	MEDIUM	novel	False	GOLGA6L10	ENSG00000278662.6	0.978118	True
CIRC_J00111	chr15:82431983-82540112(+)	chr15	82431983	82540112	+	1	1	SRR31451024	LGG	5	531	True	1.0	89.0	3	MEDIUM	novel	False	GOLGA6L9	ENSG00000197978.10	4.80497	False
CIRC_J00112	chr15:82465663-82540112(+)	chr15	82465663	82540112	+	1	1	SRR31451036	GB	5	544	True	1.0	478.0	3	MEDIUM	novel	False	intergenic			
CIRC_J00113	chr15:85138770-85171858(+)	chr15	85138770	85171858	+	1	1	SRR31451025	LGG	2	461	True	1.0	81.0	3	MEDIUM	novel	False	PDE8A	ENSG00000073417.15	39.099	False
CIRC_J00114	chr15:90135725-90272211(+)	chr15	90135725	90272211	+	1	1	SRR31451039	GB	2	430	True	1.0	44.0	3	MEDIUM	novel	False	SEMA4B	ENSG00000185033.15	31.2608	False
CIRC_J00115	chr15:92683389-92898092(-)	chr15	92683389	92898092	-	1	1	SRR31451040	GB	6	1089	True	1.0	898.0	3	MEDIUM	novel	False	FAM174B	ENSG00000185442.13	9.25179	False
CIRC_J00118	chr16:2771944-2835059(+)	chr16	2771944	2835059	+	1	1	SRR31451036	GB	4	432	True	1.0	43.0	3	MEDIUM	novel	False	PRSS21	ENSG00000007038.11	0.221003	True
CIRC_J00119	chr16:47103273-47155774(-)	chr16	47103273	47155774	-	1	1	SRR31451038	GB	2	463	True	1.0	43.0	3	MEDIUM	novel	False	NETO2	ENSG00000171208.10	10.6817	False
CIRC_J00120	chr16:56589540-56598659(+)	chr16	56589540	56598659	+	1	1	SRR31451026	LGG	4	472	True	1.0	53.0	3	MEDIUM	novel	False	MT3	ENSG00000087250.9	1090.5	False
CIRC_J00121	chr16:60917018-61055914(-)	chr16	60917018	61055914	-	1	1	SRR31451042	GB	2	597	True	1.0	55.0	3	MEDIUM	novel	False	intergenic			
CIRC_J00123	chr16:61055419-61199495(+)	chr16	61055419	61199495	+	1	1	SRR31451028	GB	2	622	True	1.0	84.0	3	MEDIUM	novel	False	intergenic			
CIRC_J00124	chr16:67536818-67639173(+)	chr16	67536818	67639173	+	1	1	SRR31451027	GB	2	450	True	1.0	43.0	3	MEDIUM	novel	False	CTCF	ENSG00000102974.16	51.4446	False
CIRC_J00125	chr17:7240424-7307539(+)	chr17	7240424	7307539	+	1	1	SRR31451028	GB	5	939	True	1.0	93.0	3	MEDIUM	novel	False	ELP5	ENSG00000170291.16	39.7863	False
CIRC_J00126	chr17:8333216-8382326(+)	chr17	8333216	8382326	+	1	1	SRR31451024	LGG	4	577	True	1.0	554.0	3	MEDIUM	novel	False	ODF4	ENSG00000184650.11	0.0	True
CIRC_J00128	chr17:28195474-28214323(+)	chr17	28195474	28214323	+	1	1	SRR31451032	GB	2	505	True	1.0	78.0	3	MEDIUM	novel	False	NLK	ENSG00000087095.13	53.3791	False
CIRC_J00129	chr17:28347193-28433222(-)	chr17	28347193	28433222	-	1	1	SRR31451033	GB	2	601	True	1.0	59.0	3	MEDIUM	novel	False	SLC46A1	ENSG00000076351.13	15.0432	False
CIRC_J00130	chr17:41567557-41690829(-)	chr17	41567557	41690829	-	1	1	SRR31451036	GB	5	515	True	1.0	2.0	3	MEDIUM	novel	False	KRT16	ENSG00000186832.9	0.268588	True
CIRC_J00131	chr17:44905634-44982660(+)	chr17	44905634	44982660	+	1	1	SRR31451020	LGG	2	462	True	1.0	40.0	3	MEDIUM	novel	False	NMT1	ENSG00000136448.13	60.0415	False
CIRC_J00132	chr17:44905641-44982418(+)	chr17	44905641	44982418	+	1	1	SRR31451032	GB	2	373	True	1.0	58.0	3	MEDIUM	novel	False	NMT1	ENSG00000136448.13	60.0415	False
CIRC_J00133	chr17:44905641-44982467(+)	chr17	44905641	44982467	+	1	1	SRR31451023	LGG	2	461	True	1.0	44.0	3	MEDIUM	novel	False	NMT1	ENSG00000136448.13	60.0415	False
CIRC_J00134	chr17:44905641-44982687(+)	chr17	44905641	44982687	+	1	1	SRR31451041	GB	2	866	True	1.0	194.0	3	MEDIUM	novel	False	NMT1	ENSG00000136448.13	60.0415	False
CIRC_J00135	chr17:44905641-44985375(+)	chr17	44905641	44985375	+	1	1	SRR31451036	GB	2	364	True	1.0	368.0	3	MEDIUM	novel	False	NMT1	ENSG00000136448.13	60.0415	False
CIRC_J00136	chr17:61378172-61392826(+)	chr17	61378172	61392826	+	1	1	SRR31451032	GB	2	669	True	1.0	40.0	3	MEDIUM	novel	False	BCAS3	ENSG00000141376.24	10.2727	False
CIRC_J00137	chr17:75819462-75846302(+)	chr17	75819462	75846302	+	1	1	SRR31451039	GB	2	654	True	1.0	54.0	3	MEDIUM	novel	False	UNK	ENSG00000132478.10	28.6134	False
CIRC_J00138	chr17:80135268-80314237(+)	chr17	80135268	80314237	+	1	1	SRR31451025	LGG	3	471	True	1.0	407.0	3	MEDIUM	novel	False	RNF213	ENSG00000173821.20	13.7788	False
CIRC_J00140	chr18:26852027-26909867(-)	chr18	26852027	26909867	-	1	1	SRR31451039	GB	2	595	True	1.0	89.0	3	MEDIUM	novel	False	AQP4	ENSG00000171885.18	81.1152	False
CIRC_J00141	chr18:45966976-46086134(-)	chr18	45966976	46086134	-	1	1	SRR31451032	GB	4	482	True	1.0	36.0	3	MEDIUM	novel	False	PSTPIP2	ENSG00000152229.18	2.22451	False
CIRC_J00142	chr18:76870537-76979412(+)	chr18	76870537	76979412	+	1	1	SRR31451024	LGG	2	707	True	1.0	50.0	3	MEDIUM	novel	False	ZNF236	ENSG00000130856.18	7.40295	False
CIRC_J00143	chr19:1438819-1549567(+)	chr19	1438819	1549567	+	1	1	SRR31451020	LGG	4	555	True	1.0	79.0	3	MEDIUM	novel	False	PLK5	ENSG00000185988.15	56.4337	False
CIRC_J00144	chr19:2248230-2357471(-)	chr19	2248230	2357471	-	1	1	SRR31451028	GB	2	512	True	1.0	84.0	3	MEDIUM	novel	False	LINGO3	ENSG00000220008.4	29.0432	False
CIRC_J00145	chr19:3762672-3964521(-)	chr19	3762672	3964521	-	1	1	SRR31451018	LGG	4	686	True	1.0	640.0	3	MEDIUM	novel	False	ZFR2	ENSG00000105278.12	12.6036	False
CIRC_J00146	chr19:3923864-3978052(+)	chr19	3923864	3978052	+	1	1	SRR31451039	GB	5	1389	True	1.0	103.0	3	MEDIUM	novel	False	NMRK2	ENSG00000077009.14	0.874488	True
CIRC_J00147	chr19:5673771-5691676(-)	chr19	5673771	5691676	-	1	1	SRR31451025	LGG	5	512	True	1.0	328.0	3	MEDIUM	novel	False	MICOS13	ENSG00000174917.9	73.3211	False
CIRC_J00148	chr19:5673835-5691657(-)	chr19	5673835	5691657	-	1	1	SRR31451032	GB	4	404	True	1.0	356.0	3	MEDIUM	novel	False	MICOS13	ENSG00000174917.9	73.3211	False
CIRC_J00149	chr19:6677867-6812899(-)	chr19	6677867	6812899	-	1	1	SRR31451026	LGG	6	661	True	1.0	66.0	3	MEDIUM	novel	False	C3	ENSG00000125730.18	73.3796	False
CIRC_J00150	chr19:12643297-12752071(-)	chr19	12643297	12752071	-	1	1	SRR31451020	LGG	2	804	True	1.0	343.0	3	MEDIUM	novel	False	TNPO2	ENSG00000105576.16	86.3854	False
CIRC_J00151	chr19:12796823-12989596(+)	chr19	12796823	12989596	+	1	1	SRR31451041	GB	2	420	True	1.0	46.0	3	MEDIUM	novel	False	MAST1	ENSG00000105613.10	187.105	False
CIRC_J00152	chr19:12945526-13012747(+)	chr19	12945526	13012747	+	1	1	SRR31451023	LGG	2	642	True	1.0	34.0	3	MEDIUM	novel	False	NFIX	ENSG00000008441.19	225.616	False
CIRC_J00154	chr19:44819791-44909363(+)	chr19	44819791	44909363	+	1	1	SRR31451039	GB	2	476	True	1.0	36.0	3	MEDIUM	novel	False	NECTIN2	ENSG00000130202.10	11.3134	False
CIRC_J00155	chr19:46838167-46978521(+)	chr19	46838167	46978521	+	1	1	SRR31451036	GB	6	855	True	1.0	78.0	3	MEDIUM	novel	False	ARHGAP35	ENSG00000160007.20	44.9383	False
CIRC_J00156	chr19:47143571-47229464(+)	chr19	47143571	47229464	+	1	1	SRR31451024	LGG	9	1889	True	1.0	1720.0	3	MEDIUM	novel	False	SAE1	ENSG00000142230.13	57.2061	False
CIRC_J00157	chr19:48548348-48619166(+)	chr19	48548348	48619166	+	1	1	SRR31451032	GB	8	728	True	1.0	56.0	3	MEDIUM	novel	False	SULT2B1	ENSG00000088002.12	0.842814	True
CIRC_J00158	chr19:49338564-49499708(+)	chr19	49338564	49499708	+	1	1	SRR31451042	GB	6	644	True	1.0	79.0	3	MEDIUM	novel	False	KASH5	ENSG00000161609.10	18.8965	False
CIRC_J00159	chr19:49347567-49492305(+)	chr19	49347567	49492305	+	1	1	SRR31451023	LGG	2	411	True	1.0	100.0	3	MEDIUM	novel	False	KASH5	ENSG00000161609.10	18.8965	False
CIRC_J00161	chr19:58503248-58556056(+)	chr19	58503248	58556056	+	1	1	SRR31451036	GB	2	422	True	1.0	83.0	3	MEDIUM	novel	False	TRIM28	ENSG00000130726.12	180.369	False
CIRC_J00162	chr2:8683930-8809895(+)	chr2	8683930	8809895	+	1	1	SRR31451037	GB	2	635	True	1.0	63.0	3	MEDIUM	novel	False	ID2	ENSG00000115738.10	102.35	False
CIRC_J00163	chr2:10783420-10950071(+)	chr2	10783420	10950071	+	1	1	SRR31451019	LGG	2	645	True	1.0	52.0	3	MEDIUM	novel	False	KCNF1	ENSG00000162975.5	59.0824	False
CIRC_J00164	chr2:25927801-25952011(-)	chr2	25927801	25952011	-	1	1	SRR31451033	GB	2	666	True	1.0	57.0	3	MEDIUM	novel	False	KIF3C	ENSG00000084731.15	115.367	False
CIRC_J00168	chr2:70540408-70662549(-)	chr2	70540408	70662549	-	1	1	SRR31451031	GB	2	511	True	1.0	55.0	3	MEDIUM	novel	False	ADD2	ENSG00000075340.23	61.6557	False
CIRC_J00169	chr2:84905674-84909613(-)	chr2	84905674	84909613	-	1	1	SRR31451037	GB	4	545	True	1.0	47.0	3	MEDIUM	novel	False	TRABD2A	ENSG00000186854.11	1.66392	False
CIRC_J00170	chr2:158680625-158732307(-)	chr2	158680625	158732307	-	1	1	SRR31451036	GB	2	943	True	1.0	71.0	3	MEDIUM	novel	False	intergenic			
CIRC_J00171	chr2:162145779-162272245(+)	chr2	162145779	162272245	+	1	1	SRR31451018	LGG	5	718	True	1.0	45.0	3	MEDIUM	novel	False	intergenic			
CIRC_J00172	chr2:197312064-197503381(+)	chr2	197312064	197503381	+	1	1	SRR31451028	GB	4	506	True	1.0	40.0	3	MEDIUM	novel	False	COQ10B	ENSG00000115520.9	22.0038	False
CIRC_J00173	chr2:216350330-216501471(-)	chr2	216350330	216501471	-	1	1	SRR31451037	GB	5	465	True	1.0	65.0	3	MEDIUM	novel	False	MARCHF4	ENSG00000144583.5	9.59899	False
CIRC_J00174	chr2:237089964-237155119(+)	chr2	237089964	237155119	+	1	1	SRR31451030	GB	6	608	True	1.0	62.0	3	MEDIUM	novel	False	COPS8	ENSG00000198612.11	50.0964	False
CIRC_J00175	chr20:1368981-1423315(-)	chr20	1368981	1423315	-	1	1	SRR31451027	GB	2	475	True	1.0	81.0	3	MEDIUM	novel	False	FKBP1A	ENSG00000088832.18	305.23	False
CIRC_J00176	chr20:49245881-49392782(+)	chr20	49245881	49392782	+	1	1	SRR31451039	GB	2	594	True	1.0	44.0	3	MEDIUM	novel	False	intergenic			
CIRC_J00177	chr20:50081142-50214885(-)	chr20	50081142	50214885	-	1	1	SRR31451036	GB	2	660	True	1.0	60.0	3	MEDIUM	novel	False	PEDS1-UBE2V1	ENSG00000124208.16		False
CIRC_J00178	chr20:57170468-57203524(+)	chr20	57170468	57203524	+	1	1	SRR31451023	LGG	2	557	True	1.0	70.0	3	MEDIUM	known	True	intergenic			
CIRC_J00179	chr21:18706762-18858387(+)	chr21	18706762	18858387	+	1	1	SRR31451023	LGG	2	868	True	1.0	101.0	3	MEDIUM	novel	False	intergenic			
CIRC_J00182	chr22:19400817-19520571(-)	chr22	19400817	19520571	-	1	1	SRR31451029	GB	8	793	True	1.0	75.0	3	MEDIUM	novel	False	C22orf39	ENSG00000242259.9	40.0504	False
CIRC_J00184	chr22:41230499-41326519(-)	chr22	41230499	41326519	-	1	1	SRR31451024	LGG	2	814	True	1.0	38.0	3	MEDIUM	novel	False	RANGAP1	ENSG00000100401.21	97.1636	False
CIRC_J00186	chr3:14112085-14255439(+)	chr3	14112085	14255439	+	1	1	SRR31451023	LGG	4	1412	True	1.0	57.0	3	MEDIUM	novel	False	LSM3	ENSG00000170860.4	20.5851	False
CIRC_J00188	chr3:40563871-40761832(-)	chr3	40563871	40761832	-	1	1	SRR31451039	GB	2	418	True	1.0	372.0	3	MEDIUM	novel	False	intergenic			
CIRC_J00189	chr3:42633843-42784829(-)	chr3	42633843	42784829	-	1	1	SRR31451039	GB	2	629	True	1.0	56.0	3	MEDIUM	novel	False	ENSG00000280571	ENSG00000280571.2		False
CIRC_J00190	chr3:50315471-50318453(-)	chr3	50315471	50318453	-	1	1	SRR31451036	GB	2	728	True	1.0	63.0	3	MEDIUM	novel	False	HYAL2	ENSG00000068001.14	12.6893	False
CIRC_J00191	chr3:88043940-88157965(+)	chr3	88043940	88157965	+	1	1	SRR31451035	GB	2	1161	True	1.0	63.0	3	MEDIUM	novel	False	ZNF654	ENSG00000175105.8	7.62219	False
CIRC_J00192	chr3:98515480-98713624(-)	chr3	98515480	98713624	-	1	1	SRR31451036	GB	2	667	True	1.0	43.0	3	MEDIUM	novel	False	ENSG00000285635	ENSG00000285635.1		False
CIRC_J00193	chr3:101576489-101668281(-)	chr3	101576489	101668281	-	1	1	SRR31451028	GB	2	591	True	1.0	40.0	3	MEDIUM	novel	False	ZBTB11	ENSG00000066422.7	21.263	False
CIRC_J00194	chr3:139315844-139359167(+)	chr3	139315844	139359167	+	1	1	SRR31451030	GB	5	781	True	1.0	702.0	3	MEDIUM	novel	False	MRPS22	ENSG00000175110.14	17.6381	False
CIRC_J00196	chr3:159896947-160045560(-)	chr3	159896947	160045560	-	1	1	SRR31451019	LGG	2	497	True	1.0	48.0	3	MEDIUM	novel	False	intergenic			
CIRC_J00197	chr3:161231894-161429600(+)	chr3	161231894	161429600	+	1	1	SRR31451037	GB	2	585	True	1.0	48.0	3	MEDIUM	novel	False	NMD3	ENSG00000169251.13	16.1563	False
CIRC_J00199	chr3:185147275-185293001(+)	chr3	185147275	185293001	+	1	1	SRR31451042	GB	2	1178	True	1.0	1090.0	3	MEDIUM	novel	False	MAP3K13	ENSG00000073803.14	8.02671	False
CIRC_J00200	chr3:185630840-185765580(-)	chr3	185630840	185765580	-	1	1	SRR31451037	GB	2	364	True	1.0	77.0	3	MEDIUM	novel	False	IGF2BP2	ENSG00000073792.16	8.81025	False
CIRC_J00201	chr3:187078096-187143275(+)	chr3	187078096	187143275	+	1	1	SRR31451032	GB	2	573	True	1.0	49.0	3	MEDIUM	novel	False	ST6GAL1	ENSG00000073849.16	14.9761	False
CIRC_J00202	chr4:3943033-4031206(+)	chr4	3943033	4031206	+	1	1	SRR31451028	GB	2	1215	True	1.0	7.0	3	MEDIUM	novel	False	intergenic			
CIRC_J00203	chr4:6593543-6605938(+)	chr4	6593543	6605938	+	1	1	SRR31451022	LGG	2	620	True	1.0	53.0	3	MEDIUM	novel	False	MAN2B2	ENSG00000013288.9	15.5493	False
CIRC_J00204	chr4:51916024-51966166(-)	chr4	51916024	51966166	-	1	1	SRR31451021	LGG	2	895	True	1.0	95.0	3	MEDIUM	novel	False	intergenic			
CIRC_J00205	chr4:52545157-52714123(-)	chr4	52545157	52714123	-	1	1	SRR31451032	GB	3	901	True	1.0	48.0	3	MEDIUM	novel	False	USP46	ENSG00000109189.13	34.4409	False
CIRC_J00206	chr4:76902691-77047585(+)	chr4	76902691	77047585	+	1	1	SRR31451036	GB	2	522	True	1.0	58.0	3	MEDIUM	novel	False	SEPTIN11	ENSG00000138758.12	32.6205	False
CIRC_J00207	chr4:87473333-87504202(+)	chr4	87473333	87504202	+	1	1	SRR31451042	GB	3	754	True	1.0	104.0	3	MEDIUM	novel	False	intergenic			
CIRC_J00208	chr4:87924771-87983404(-)	chr4	87924771	87983404	-	1	1	SRR31451029	GB	7	1613	True	1.0	1564.0	3	MEDIUM	novel	False	intergenic			
CIRC_J00209	chr4:90792892-90839109(+)	chr4	90792892	90839109	+	1	1	SRR31451020	LGG	2	722	True	1.0	317.0	3	MEDIUM	novel	False	CCSER1	ENSG00000184305.16	1.00625	False
CIRC_J00210	chr4:113184249-113214388(+)	chr4	113184249	113214388	+	1	1	SRR31451032	GB	2	516	True	1.0	56.0	3	MEDIUM	novel	False	ANK2	ENSG00000145362.21	96.7489	False
CIRC_J00211	chr4:113451045-113498118(-)	chr4	113451045	113498118	-	1	1	SRR31451032	GB	2	558	True	1.0	61.0	3	MEDIUM	known	False	CAMK2D	ENSG00000145349.20	91.786	False
CIRC_J00212	chr5:17276474-17334883(-)	chr5	17276474	17334883	-	1	1	SRR31451036	GB	2	437	True	1.0	47.0	3	MEDIUM	novel	False	intergenic			
CIRC_J00213	chr5:32124751-32152057(-)	chr5	32124751	32152057	-	1	1	SRR31451042	GB	2	471	True	1.0	52.0	3	MEDIUM	novel	False	GOLPH3	ENSG00000113384.14	44.358	False
CIRC_J00214	chr5:41730068-41896929(-)	chr5	41730068	41896929	-	1	1	SRR31451039	GB	2	581	True	1.0	54.0	3	MEDIUM	novel	False	OXCT1	ENSG00000083720.13	82.9674	False
CIRC_J00217	chr5:82239444-82277847(-)	chr5	82239444	82277847	-	1	1	SRR31451037	GB	4	596	True	1.0	544.0	3	MEDIUM	novel	False	RPS23	ENSG00000186468.13	170.66	False
CIRC_J00218	chr5:86617973-86712310(+)	chr5	86617973	86712310	+	1	1	SRR31451022	LGG	4	509	True	1.0	55.0	3	MEDIUM	novel	False	COX7C	ENSG00000127184.13	219.304	False
CIRC_J00219	chr5:131159288-131250635(-)	chr5	131159288	131250635	-	1	1	SRR31451020	LGG	4	643	True	1.0	592.0	3	MEDIUM	novel	False	HINT1	ENSG00000169567.13	219.236	False
CIRC_J00220	chr5:132796962-132875888(-)	chr5	132796962	132875888	-	1	1	SRR31451032	GB	2	598	True	1.0	58.0	3	MEDIUM	novel	False	SEPTIN8	ENSG00000164402.14	278.049	False
CIRC_J00222	chr5:141029957-141185985(+)	chr5	141029957	141185985	+	1	1	SRR31451028	GB	2	625	True	1.0	42.0	3	MEDIUM	novel	False	PCDHB1	ENSG00000171815.6	0.077273	True
CIRC_J00223	chr5:141512559-141532647(-)	chr5	141512559	141532647	-	1	1	SRR31451039	GB	2	500	True	1.0	58.0	3	MEDIUM	novel	False	DIAPH1	ENSG00000131504.18	35.5175	False
CIRC_J00224	chr5:146459218-146511466(+)	chr5	146459218	146511466	+	1	1	SRR31451039	GB	2	421	True	1.0	56.0	3	MEDIUM	novel	False	TCERG1	ENSG00000113649.14	70.6407	False
CIRC_J00225	chr5:150444214-150587031(+)	chr5	150444214	150587031	+	1	1	SRR31451039	GB	5	641	True	1.0	583.0	3	MEDIUM	novel	False	NDST1	ENSG00000070614.15	51.7379	False
CIRC_J00227	chr5:176375180-176389737(-)	chr5	176375180	176389737	-	1	1	SRR31451038	GB	3	693	True	1.0	74.0	3	MEDIUM	novel	False	NOP16	ENSG00000048162.22	10.522	False
CIRC_J00228	chr5:178210860-178269680(-)	chr5	178210860	178269680	-	1	1	SRR31451039	GB	2	417	True	1.0	74.0	3	MEDIUM	novel	False	COL23A1	ENSG00000050767.18	7.82701	False
CIRC_J00229	chr5:179730070-179921059(-)	chr5	179730070	179921059	-	1	1	SRR31451018	LGG	2	683	True	1.0	63.0	3	MEDIUM	novel	False	TBC1D9B	ENSG00000197226.13	100.83	False
CIRC_J00232	chr6:28122257-28147870(-)	chr6	28122257	28147870	-	1	1	SRR31451024	LGG	3	613	True	1.0	111.0	3	MEDIUM	novel	False	intergenic			
CIRC_J00234	chr6:31545765-31670079(-)	chr6	31545765	31670079	-	1	1	SRR31451024	LGG	6	791	True	1.0	58.0	3	MEDIUM	novel	False	BAG6	ENSG00000204463.14	106.147	False
CIRC_J00235	chr6:33292922-33416440(-)	chr6	33292922	33416440	-	1	1	SRR31451039	GB	2	436	True	1.0	62.0	3	MEDIUM	novel	False	TAPBP	ENSG00000231925.14	69.4438	False
CIRC_J00236	chr6:33639694-33711700(+)	chr6	33639694	33711700	+	1	1	SRR31451028	GB	5	568	True	1.0	58.0	3	MEDIUM	novel	False	ITPR3	ENSG00000096433.11	7.8278	False
CIRC_J00238	chr6:38675955-38764314(+)	chr6	38675955	38764314	+	1	1	SRR31451042	GB	2	454	True	1.0	69.0	3	MEDIUM	novel	False	DNAH8	ENSG00000124721.18	0.0404557	True
CIRC_J00239	chr6:52282969-52407782(+)	chr6	52282969	52407782	+	1	1	SRR31451025	LGG	2	503	True	1.0	39.0	3	MEDIUM	novel	False	PAQR8	ENSG00000170915.9	185.951	False
CIRC_J00240	chr6:57186998-57272162(+)	chr6	57186998	57272162	+	1	1	SRR31451026	LGG	2	591	True	1.0	56.0	3	MEDIUM	novel	False	BAG2	ENSG00000112208.11	4.91392	False
CIRC_J00241	chr6:73319162-73518201(+)	chr6	73319162	73518201	+	1	1	SRR31451039	GB	3	724	True	1.0	77.0	3	MEDIUM	novel	False	MTO1	ENSG00000135297.17	6.84389	False
CIRC_J00242	chr6:73444720-73518952(+)	chr6	73444720	73518952	+	1	1	SRR31451039	GB	6	1195	True	1.0	217.0	3	MEDIUM	novel	False	MTO1	ENSG00000135297.17	6.84389	False
CIRC_J00243	chr6:73473378-73518812(-)	chr6	73473378	73518812	-	1	1	SRR31451018	LGG	5	1158	True	1.0	72.0	3	MEDIUM	novel	False	EEF1A1	ENSG00000156508.19	1175.96	False
CIRC_J00244	chr6:73517514-73665397(+)	chr6	73517514	73665397	+	1	1	SRR31451036	GB	9	1840	True	1.0	536.0	3	MEDIUM	novel	False	intergenic			
CIRC_J00245	chr6:73517519-73680563(-)	chr6	73517519	73680563	-	1	1	SRR31451040	GB	5	1170	True	1.0	86.0	3	MEDIUM	novel	False	SLC17A5	ENSG00000119899.13	14.2887	False
CIRC_J00246	chr6:73517519-73689479(-)	chr6	73517519	73689479	-	1	1	SRR31451039	GB	3	670	True	1.0	75.0	3	MEDIUM	novel	False	SLC17A5	ENSG00000119899.13	14.2887	False
CIRC_J00247	chr6:73517528-73609976(-)	chr6	73517528	73609976	-	1	1	SRR31451036	GB	2	409	True	1.0	43.0	3	MEDIUM	novel	False	SLC17A5	ENSG00000119899.13	14.2887	False
CIRC_J00250	chr6:73517557-73705612(-)	chr6	73517557	73705612	-	1	1	SRR31451017	GB	8	1783	True	1.0	329.0	3	MEDIUM	novel	False	SLC17A5	ENSG00000119899.13	14.2887	False
CIRC_J00251	chr6:75914097-76084045(+)	chr6	75914097	76084045	+	1	1	SRR31451031	GB	3	575	True	1.0	58.0	3	MEDIUM	novel	False	MYO6	ENSG00000196586.17	28.1386	False
CIRC_J00252	chr6:99542430-99666891(+)	chr6	99542430	99666891	+	1	1	SRR31451036	GB	2	681	True	1.0	59.0	3	MEDIUM	novel	False	TSTD3	ENSG00000279170.3	0.329535	True
CIRC_J00254	chr6:127288699-127332607(-)	chr6	127288699	127332607	-	1	1	SRR31451036	GB	2	565	True	1.0	48.0	3	MEDIUM	novel	False	ECHDC1	ENSG00000093144.19	27.393	False
CIRC_J00255	chr6:132815029-132868298(-)	chr6	132815029	132868298	-	1	1	SRR31451038	GB	5	449	True	1.0	68.0	3	MEDIUM	novel	False	intergenic			
CIRC_J00257	chr6:161024954-161117346(+)	chr6	161024954	161117346	+	1	1	SRR31451039	GB	3	721	True	1.0	681.0	3	MEDIUM	novel	False	MAP3K4	ENSG00000085511.20	31.9119	False
CIRC_J00258	chr7:5447327-5527600(+)	chr7	5447327	5527600	+	1	1	SRR31451027	GB	2	502	True	1.0	50.0	3	MEDIUM	novel	False	intergenic			
CIRC_J00259	chr7:10933451-10968716(-)	chr7	10933451	10968716	-	1	1	SRR31451028	GB	5	610	True	1.0	586.0	3	MEDIUM	novel	False	NDUFA4	ENSG00000189043.10	342.534	False
CIRC_J00260	chr7:12690269-12738240(+)	chr7	12690269	12738240	+	1	1	SRR31451033	GB	2	567	True	1.0	116.0	3	MEDIUM	novel	False	ARL4A	ENSG00000122644.13	12.3551	False
CIRC_J00261	chr7:30615905-30754592(-)	chr7	30615905	30754592	-	1	1	SRR31451028	GB	10	1518	True	1.0	1473.0	3	MEDIUM	novel	False	CRHR2	ENSG00000106113.19	3.0107	False
CIRC_J00262	chr7:55211054-55223734(+)	chr7	55211054	55223734	+	1	1	SRR31451022	LGG	2	560	True	1.0	50.0	3	MEDIUM	novel	False	EGFR	ENSG00000146648.21	7.92456	False
CIRC_J00263	chr7:55927960-56011523(+)	chr7	55927960	56011523	+	1	1	SRR31451032	GB	2	459	True	1.0	52.0	3	MEDIUM	novel	False	NIPSNAP2	ENSG00000146729.10	65.4902	False
CIRC_J00264	chr7:75185385-75267550(-)	chr7	75185385	75267550	-	1	1	SRR31451038	GB	2	354	True	1.0	73.0	3	MEDIUM	novel	False	intergenic			
CIRC_J00265	chr7:75405860-75417259(-)	chr7	75405860	75417259	-	1	1	SRR31451020	LGG	2	594	True	1.0	61.0	3	MEDIUM	novel	False	POM121C	ENSG00000272391.6	31.613	False
CIRC_J00266	chr7:76064351-76088778(+)	chr7	76064351	76088778	+	1	1	SRR31451036	GB	4	662	True	1.0	92.0	3	MEDIUM	novel	False	MDH2	ENSG00000146701.12	106.476	False
CIRC_J00267	chr7:86764138-86875376(+)	chr7	86764138	86875376	+	1	1	SRR31451037	GB	2	579	True	1.0	57.0	3	MEDIUM	novel	False	GRM3	ENSG00000198822.11	43.0127	False
CIRC_J00268	chr7:98242614-98291530(-)	chr7	98242614	98291530	-	1	1	SRR31451036	GB	4	720	True	1.0	152.0	3	MEDIUM	novel	False	TECPR1	ENSG00000205356.10	27.2186	False
CIRC_J00269	chr7:107807309-107919740(+)	chr7	107807309	107919740	+	1	1	SRR31451024	LGG	2	365	True	1.0	49.0	3	MEDIUM	novel	False	DLD	ENSG00000091140.15	36.324	False
CIRC_J00272	chr8:12978498-13083833(+)	chr8	12978498	13083833	+	1	1	SRR31451018	LGG	2	545	True	1.0	52.0	3	MEDIUM	novel	False	TRMT9B	ENSG00000250305.9	101.247	False
CIRC_J00273	chr8:17926699-18056770(-)	chr8	17926699	18056770	-	1	1	SRR31451033	GB	2	401	True	1.0	53.0	3	MEDIUM	novel	False	ASAH1	ENSG00000104763.20	59.6687	False
CIRC_J00274	chr8:24827312-24951832(-)	chr8	24827312	24951832	-	1	1	SRR31451036	GB	2	474	True	1.0	64.0	3	MEDIUM	novel	False	NEFL	ENSG00000277586.4	487.194	False
CIRC_J00277	chr8:47946808-48061565(-)	chr8	47946808	48061565	-	1	1	SRR31451026	LGG	2	564	True	1.0	44.0	3	MEDIUM	novel	False	PRKDC	ENSG00000253729.9	19.9498	False
CIRC_J00278	chr8:56073054-56227535(-)	chr8	56073054	56227535	-	1	1	SRR31451024	LGG	5	592	True	1.0	57.0	3	MEDIUM	novel	False	PLAG1	ENSG00000181690.8	4.03792	False
CIRC_J00279	chr8:81363482-81441308(+)	chr8	81363482	81441308	+	1	1	SRR31451025	LGG	2	1078	True	1.0	818.0	3	MEDIUM	novel	False	intergenic			
CIRC_J00280	chr8:98041734-98244642(+)	chr8	98041734	98244642	+	1	1	SRR31451018	LGG	6	549	True	1.0	508.0	3	MEDIUM	novel	False	POP1	ENSG00000104356.11	7.81599	False
CIRC_J00281	chr8:124305647-124312724(-)	chr8	124305647	124312724	-	1	1	SRR31451027	GB	2	547	True	1.0	44.0	3	MEDIUM	novel	False	TMEM65	ENSG00000164983.9	13.5952	False
CIRC_J00282	chr8:143816377-143982075(-)	chr8	143816377	143982075	-	1	1	SRR31451025	LGG	3	568	True	1.0	84.0	3	MEDIUM	novel	False	PLEC	ENSG00000178209.17	66.7201	False
CIRC_J00283	chr9:37415159-37436994(+)	chr9	37415159	37436994	+	1	1	SRR31451023	LGG	3	546	True	1.0	489.0	3	MEDIUM	novel	False	GRHPR	ENSG00000137106.18	39.4174	False
CIRC_J00284	chr9:69391974-69502829(-)	chr9	69391974	69502829	-	1	1	SRR31451040	GB	2	560	True	1.0	64.0	3	MEDIUM	novel	False	APBA1	ENSG00000107282.9	51.0924	False
CIRC_J00286	chr9:93446518-93624609(+)	chr9	93446518	93624609	+	1	1	SRR31451031	GB	2	650	True	1.0	108.0	3	MEDIUM	novel	False	FAM120A	ENSG00000048828.18	41.3348	False
CIRC_J00288	chr9:124857880-124984643(-)	chr9	124857880	124984643	-	1	1	SRR31451028	GB	5	530	True	1.0	65.0	3	MEDIUM	novel	False	GOLGA1	ENSG00000136935.14	17.5114	False
CIRC_J00289	chr9:129094799-129152112(-)	chr9	129094799	129152112	-	1	1	SRR31451039	GB	2	547	True	1.0	66.0	3	MEDIUM	novel	False	CRAT	ENSG00000095321.18	40.5566	False
CIRC_J00290	chrM:430-3225(+)	chrM	430	3225	+	1	1	SRR31451036	GB	2	676	True	1.0	684.0	3	MEDIUM	novel	False	intergenic			
CIRC_J00291	chrM:430-3229(+)	chrM	430	3229	+	1	1	SRR31451019	LGG	2	784	True	1.0	50.0	3	MEDIUM	novel	False	intergenic			
CIRC_J00292	chrM:430-7517(+)	chrM	430	7517	+	1	1	SRR31451042	GB	2	1704	True	1.0	1656.0	3	MEDIUM	novel	False	MT-CO1	ENSG00000198804.2	70117.1	False
CIRC_J00293	chrM:434-2985(-)	chrM	434	2985	-	1	1	SRR31451040	GB	2	458	True	1.0	46.0	3	MEDIUM	novel	False	intergenic			
CIRC_J00294	chrM:434-7514(-)	chrM	434	7514	-	1	1	SRR31451017	GB	2	556	True	1.0	296.0	3	MEDIUM	novel	False	intergenic			
CIRC_J00295	chrM:442-862(-)	chrM	442	862	-	1	1	SRR31451032	GB	2	354	True	1.0	175.0	3	MEDIUM	novel	False	intergenic			
CIRC_J00297	chrM:495-2761(-)	chrM	495	2761	-	1	1	SRR31451033	GB	2	452	True	1.0	68.0	3	MEDIUM	novel	False	intergenic			
CIRC_J00298	chrM:638-5354(-)	chrM	638	5354	-	1	1	SRR31451019	LGG	2	562	True	1.0	48.0	3	MEDIUM	novel	False	intergenic			
CIRC_J00299	chrM:647-14401(-)	chrM	647	14401	-	1	1	SRR31451042	GB	2	646	True	1.0	47.0	3	MEDIUM	novel	False	MT-ND6	ENSG00000198695.2	12166.0	False
CIRC_J00302	chrM:677-3591(+)	chrM	677	3591	+	1	1	SRR31451041	GB	2	667	True	1.0	675.0	3	MEDIUM	novel	False	MT-ND1	ENSG00000198888.2	44249.1	False
CIRC_J00303	chrM:766-14393(-)	chrM	766	14393	-	1	1	SRR31451042	GB	2	564	True	1.0	67.0	3	MEDIUM	novel	False	MT-ND6	ENSG00000198695.2	12166.0	False
CIRC_J00304	chrM:989-9162(+)	chrM	989	9162	+	1	1	SRR31451040	GB	2	613	True	1.0	79.0	3	MEDIUM	novel	False	MT-CO1	ENSG00000198804.2	70117.1	False
CIRC_J00306	chrM:1678-3570(-)	chrM	1678	3570	-	1	1	SRR31451036	GB	2	638	True	1.0	209.0	3	MEDIUM	novel	False	intergenic			
CIRC_J00307	chrM:1678-5359(-)	chrM	1678	5359	-	1	1	SRR31451028	GB	2	742	True	1.0	71.0	3	MEDIUM	novel	False	intergenic			
CIRC_J00308	chrM:1682-2097(+)	chrM	1682	2097	+	1	1	SRR31451021	LGG	2	402	True	1.0	398.0	3	MEDIUM	novel	False	intergenic			
CIRC_J00309	chrM:1682-5416(+)	chrM	1682	5416	+	1	1	SRR31451040	GB	2	558	True	1.0	50.0	3	MEDIUM	novel	False	MT-ND1	ENSG00000198888.2	44249.1	False
CIRC_J00310	chrM:1707-13467(-)	chrM	1707	13467	-	1	1	SRR31451017	GB	2	738	True	1.0	6.0	3	MEDIUM	novel	False	intergenic			
CIRC_J00311	chrM:2465-4270(+)	chrM	2465	4270	+	1	1	SRR31451017	GB	2	375	True	1.0	59.0	3	MEDIUM	novel	False	MT-ND1	ENSG00000198888.2	44249.1	False
CIRC_J00312	chrM:2475-4259(-)	chrM	2475	4259	-	1	1	SRR31451025	LGG	2	862	True	1.0	81.0	3	MEDIUM	novel	False	intergenic			
CIRC_J00313	chrM:2552-5399(+)	chrM	2552	5399	+	1	1	SRR31451039	GB	2	801	True	1.0	341.0	3	MEDIUM	novel	False	MT-ND1	ENSG00000198888.2	44249.1	False
CIRC_J00314	chrM:2597-12453(+)	chrM	2597	12453	+	1	1	SRR31451042	GB	2	697	True	1.0	646.0	3	MEDIUM	novel	False	MT-CO1	ENSG00000198804.2	70117.1	False
CIRC_J00316	chrM:2621-5399(+)	chrM	2621	5399	+	1	1	SRR31451021	LGG	2	659	True	1.0	85.0	3	MEDIUM	novel	False	MT-ND1	ENSG00000198888.2	44249.1	False
CIRC_J00317	chrM:2625-5153(-)	chrM	2625	5153	-	1	1	SRR31451040	GB	2	718	True	1.0	707.0	3	MEDIUM	novel	False	intergenic			
CIRC_J00318	chrM:2625-9019(-)	chrM	2625	9019	-	1	1	SRR31451019	LGG	2	735	True	1.0	116.0	3	MEDIUM	novel	False	intergenic			
CIRC_J00319	chrM:2625-16247(-)	chrM	2625	16247	-	1	1	SRR31451036	GB	2	648	True	1.0	70.0	3	MEDIUM	novel	False	MT-ND6	ENSG00000198695.2	12166.0	False
CIRC_J00320	chrM:2643-5128(-)	chrM	2643	5128	-	1	1	SRR31451042	GB	2	671	True	1.0	65.0	3	MEDIUM	novel	False	intergenic			
CIRC_J00321	chrM:2643-14376(-)	chrM	2643	14376	-	1	1	SRR31451040	GB	2	723	True	1.0	665.0	3	MEDIUM	novel	False	MT-ND6	ENSG00000198695.2	12166.0	False
CIRC_J00322	chrM:2664-14401(-)	chrM	2664	14401	-	1	1	SRR31451042	GB	2	673	True	1.0	61.0	3	MEDIUM	novel	False	MT-ND6	ENSG00000198695.2	12166.0	False
CIRC_J00323	chrM:2664-16295(-)	chrM	2664	16295	-	1	1	SRR31451041	GB	2	691	True	1.0	257.0	3	MEDIUM	novel	False	MT-ND6	ENSG00000198695.2	12166.0	False
CIRC_J00324	chrM:2684-14262(-)	chrM	2684	14262	-	1	1	SRR31451042	GB	2	690	True	1.0	115.0	3	MEDIUM	novel	False	MT-ND6	ENSG00000198695.2	12166.0	False
CIRC_J00325	chrM:2709-5120(-)	chrM	2709	5120	-	1	1	SRR31451018	LGG	2	606	True	1.0	58.0	3	MEDIUM	novel	False	intergenic			
CIRC_J00326	chrM:2757-3597(-)	chrM	2757	3597	-	1	1	SRR31451040	GB	2	588	True	1.0	166.0	3	MEDIUM	novel	False	intergenic			
CIRC_J00327	chrM:2777-7852(+)	chrM	2777	7852	+	1	1	SRR31451036	GB	2	543	True	1.0	207.0	3	MEDIUM	novel	False	MT-CO1	ENSG00000198804.2	70117.1	False
CIRC_J00328	chrM:2794-5381(-)	chrM	2794	5381	-	1	1	SRR31451042	GB	2	423	True	1.0	40.0	3	MEDIUM	novel	False	intergenic			
CIRC_J00329	chrM:2877-4270(+)	chrM	2877	4270	+	1	1	SRR31451033	GB	2	464	True	1.0	53.0	3	MEDIUM	novel	False	MT-ND1	ENSG00000198888.2	44249.1	False
CIRC_J00330	chrM:3484-8298(+)	chrM	3484	8298	+	1	1	SRR31451027	GB	2	327	True	1.0	241.0	3	MEDIUM	novel	False	MT-CO1	ENSG00000198804.2	70117.1	False
CIRC_J00332	chrM:3586-5210(-)	chrM	3586	5210	-	1	1	SRR31451042	GB	2	449	True	1.0	79.0	3	MEDIUM	novel	False	intergenic			
CIRC_J00333	chrM:3770-13959(-)	chrM	3770	13959	-	1	1	SRR31451026	LGG	2	607	True	1.0	83.0	3	MEDIUM	novel	False	intergenic			
CIRC_J00334	chrM:4160-10393(-)	chrM	4160	10393	-	1	1	SRR31451024	LGG	2	427	True	1.0	86.0	3	MEDIUM	novel	False	intergenic			
CIRC_J00335	chrM:4166-9987(-)	chrM	4166	9987	-	1	1	SRR31451038	GB	2	557	True	1.0	81.0	3	MEDIUM	novel	False	intergenic			
CIRC_J00336	chrM:4166-10393(-)	chrM	4166	10393	-	1	1	SRR31451025	LGG	2	435	True	1.0	94.0	3	MEDIUM	novel	False	intergenic			
CIRC_J00337	chrM:5032-15893(+)	chrM	5032	15893	+	1	1	SRR31451032	GB	2	566	True	1.0	66.0	3	MEDIUM	novel	False	MT-ND5	ENSG00000198786.2	11792.8	False
CIRC_J00338	chrM:5047-15887(+)	chrM	5047	15887	+	1	1	SRR31451042	GB	2	627	True	1.0	87.0	3	MEDIUM	novel	False	MT-ND5	ENSG00000198786.2	11792.8	False
CIRC_J00339	chrM:5047-15893(+)	chrM	5047	15893	+	1	1	SRR31451028	GB	2	1211	True	1.0	119.0	3	MEDIUM	novel	False	MT-ND5	ENSG00000198786.2	11792.8	False
CIRC_J00340	chrM:5087-9987(-)	chrM	5087	9987	-	1	1	SRR31451028	GB	2	851	True	1.0	838.0	3	MEDIUM	novel	False	intergenic			
CIRC_J00341	chrM:5275-7517(+)	chrM	5275	7517	+	1	1	SRR31451019	LGG	2	1089	True	1.0	62.0	3	MEDIUM	novel	False	MT-CO1	ENSG00000198804.2	70117.1	False
CIRC_J00342	chrM:5275-8298(+)	chrM	5275	8298	+	1	1	SRR31451042	GB	2	807	True	1.0	341.0	3	MEDIUM	novel	False	MT-CO1	ENSG00000198804.2	70117.1	False
CIRC_J00343	chrM:5275-9965(+)	chrM	5275	9965	+	1	1	SRR31451035	GB	2	868	True	1.0	46.0	3	MEDIUM	novel	False	MT-CO1	ENSG00000198804.2	70117.1	False
CIRC_J00344	chrM:5275-9985(+)	chrM	5275	9985	+	1	1	SRR31451018	LGG	2	726	True	1.0	73.0	3	MEDIUM	novel	False	MT-CO1	ENSG00000198804.2	70117.1	False
CIRC_J00345	chrM:5275-10404(+)	chrM	5275	10404	+	1	1	SRR31451024	LGG	2	414	True	1.0	32.0	3	MEDIUM	novel	False	MT-CO1	ENSG00000198804.2	70117.1	False
CIRC_J00346	chrM:5275-15896(+)	chrM	5275	15896	+	1	1	SRR31451041	GB	2	1240	True	1.0	79.0	3	MEDIUM	novel	False	MT-ND5	ENSG00000198786.2	11792.8	False
CIRC_J00347	chrM:5282-7499(-)	chrM	5282	7499	-	1	1	SRR31451034	GB	2	1053	True	1.0	118.0	3	MEDIUM	novel	False	intergenic			
CIRC_J00348	chrM:5282-9991(-)	chrM	5282	9991	-	1	1	SRR31451042	GB	2	680	True	1.0	321.0	3	MEDIUM	novel	False	intergenic			
CIRC_J00349	chrM:5282-12134(-)	chrM	5282	12134	-	1	1	SRR31451036	GB	2	574	True	1.0	292.0	3	MEDIUM	novel	False	intergenic			
CIRC_J00350	chrM:5282-14742(-)	chrM	5282	14742	-	1	1	SRR31451025	LGG	2	1298	True	1.0	85.0	3	MEDIUM	novel	False	MT-ND6	ENSG00000198695.2	12166.0	False
CIRC_J00351	chrM:5289-7001(-)	chrM	5289	7001	-	1	1	SRR31451024	LGG	2	551	True	1.0	58.0	3	MEDIUM	novel	False	intergenic			
CIRC_J00353	chrM:5294-8294(+)	chrM	5294	8294	+	1	1	SRR31451042	GB	2	641	True	1.0	53.0	3	MEDIUM	novel	False	MT-CO1	ENSG00000198804.2	70117.1	False
CIRC_J00354	chrM:5309-9993(-)	chrM	5309	9993	-	1	1	SRR31451036	GB	2	621	True	1.0	39.0	3	MEDIUM	novel	False	intergenic			
CIRC_J00356	chrM:5327-8286(-)	chrM	5327	8286	-	1	1	SRR31451017	GB	2	470	True	1.0	207.0	3	MEDIUM	novel	False	intergenic			
CIRC_J00357	chrM:5337-8286(-)	chrM	5337	8286	-	1	1	SRR31451036	GB	2	796	True	1.0	80.0	3	MEDIUM	novel	False	intergenic			
CIRC_J00358	chrM:5343-15874(-)	chrM	5343	15874	-	1	1	SRR31451041	GB	2	287	True	1.0	0.0	3	MEDIUM	novel	False	MT-ND6	ENSG00000198695.2	12166.0	False
CIRC_J00360	chrM:7614-14210(-)	chrM	7614	14210	-	1	1	SRR31451042	GB	2	791	True	1.0	297.0	3	MEDIUM	novel	False	MT-ND6	ENSG00000198695.2	12166.0	False
CIRC_J00361	chrM:7722-14376(-)	chrM	7722	14376	-	1	1	SRR31451041	GB	2	676	True	1.0	96.0	3	MEDIUM	novel	False	MT-ND6	ENSG00000198695.2	12166.0	False
CIRC_J00363	chrM:7770-9985(+)	chrM	7770	9985	+	1	1	SRR31451024	LGG	2	466	True	1.0	84.0	3	MEDIUM	novel	False	MT-CO3	ENSG00000198938.2	72422.7	False
CIRC_J00367	chrM:8769-16286(-)	chrM	8769	16286	-	1	1	SRR31451027	GB	2	543	True	1.0	92.0	3	MEDIUM	novel	False	MT-ND6	ENSG00000198695.2	12166.0	False
CIRC_J00368	chrM:8807-14433(-)	chrM	8807	14433	-	1	1	SRR31451042	GB	2	493	True	1.0	170.0	3	MEDIUM	known	True	MT-ND6	ENSG00000198695.2	12166.0	False
CIRC_J00369	chrM:8873-13324(+)	chrM	8873	13324	+	1	1	SRR31451031	GB	2	420	True	1.0	234.0	3	MEDIUM	novel	False	MT-ND4	ENSG00000198886.2	60340.2	False
CIRC_J00370	chrM:8887-12126(+)	chrM	8887	12126	+	1	1	SRR31451042	GB	2	811	True	1.0	266.0	3	MEDIUM	novel	False	MT-ND4	ENSG00000198886.2	60340.2	False
CIRC_J00372	chrM:9290-14442(-)	chrM	9290	14442	-	1	1	SRR31451040	GB	2	809	True	1.0	267.0	3	MEDIUM	novel	False	MT-ND6	ENSG00000198695.2	12166.0	False
CIRC_J00373	chrM:9417-14166(-)	chrM	9417	14166	-	1	1	SRR31451027	GB	2	634	True	1.0	84.0	3	MEDIUM	novel	False	MT-ND6	ENSG00000198695.2	12166.0	False
CIRC_J00374	chrM:9513-10876(-)	chrM	9513	10876	-	1	1	SRR31451040	GB	2	553	True	1.0	50.0	3	MEDIUM	novel	False	intergenic			
CIRC_J00375	chrM:9552-13986(-)	chrM	9552	13986	-	1	1	SRR31451032	GB	2	557	True	1.0	435.0	3	MEDIUM	novel	False	intergenic			
CIRC_J00376	chrM:9552-14166(-)	chrM	9552	14166	-	1	1	SRR31451020	LGG	2	522	True	1.0	60.0	3	MEDIUM	novel	False	MT-ND6	ENSG00000198695.2	12166.0	False
CIRC_J00377	chrM:11274-15887(+)	chrM	11274	15887	+	1	1	SRR31451020	LGG	2	287	True	1.0	264.0	3	MEDIUM	novel	False	MT-ND5	ENSG00000198786.2	11792.8	False
CIRC_J00379	chrM:12057-15893(+)	chrM	12057	15893	+	1	1	SRR31451042	GB	2	303	True	1.0	0.0	3	MEDIUM	novel	False	MT-ND5	ENSG00000198786.2	11792.8	False
CIRC_J00382	chrX:12942725-12977223(-)	chrX	12942725	12977223	-	1	1	SRR31451031	GB	2	521	True	1.0	80.0	3	MEDIUM	novel	False	intergenic			
CIRC_J00383	chrX:12976880-13037900(+)	chrX	12976880	13037900	+	1	1	SRR31451036	GB	2	437	True	1.0	55.0	3	MEDIUM	novel	False	TMSB4X	ENSG00000205542.11	3065.79	False
CIRC_J00384	chrX:13580565-13709815(+)	chrX	13580565	13709815	+	1	1	SRR31451022	LGG	2	419	True	1.0	68.0	3	MEDIUM	novel	False	EGFL6	ENSG00000198759.12	0.710539	True
CIRC_J00385	chrX:37730217-37813460(-)	chrX	37730217	37813460	-	1	1	SRR31451018	LGG	2	502	True	1.0	66.0	3	MEDIUM	novel	False	intergenic			
CIRC_J00386	chrX:38514760-38688932(-)	chrX	38514760	38688932	-	1	1	SRR31451029	GB	2	442	True	1.0	73.0	3	MEDIUM	novel	False	intergenic			
CIRC_J00387	chrX:53064116-53170917(+)	chrX	53064116	53170917	+	1	1	SRR31451037	GB	2	740	True	1.0	43.0	3	MEDIUM	novel	False	KANTR	ENSG00000232593.8	29.7974	False
CIRC_J00389	chrX:81295812-81298529(+)	chrX	81295812	81298529	+	1	1	SRR31451036	GB	2	718	True	1.0	49.0	3	MEDIUM	novel	False	SH3BGRL	ENSG00000131171.13	168.228	False
CIRC_J00391	chrX:101620070-101626300(-)	chrX	101620070	101626300	-	1	1	SRR31451033	GB	2	441	True	1.0	45.0	3	MEDIUM	novel	False	intergenic			
CIRC_J00392	chrX:103693561-103792379(-)	chrX	103693561	103792379	-	1	1	SRR31451039	GB	2	694	True	1.0	75.0	3	MEDIUM	novel	False	intergenic			
CIRC_J00393	chrX:107713221-107818651(-)	chrX	107713221	107818651	-	1	1	SRR31451036	GB	2	425	True	1.0	52.0	3	MEDIUM	novel	False	TSC22D3	ENSG00000157514.18	115.314	False
CIRC_J00003	chr1:18926051-19087872(.)	chr1	18926051	19087872	.	1	1	SRR31451040	GB	9	1468	False	0.0	77.0	2	MEDIUM	novel	False	intergenic			
CIRC_J00005	chr1:24843933-25036160(.)	chr1	24843933	25036160	.	1	1	SRR31451027	GB	2	427	False	0.0	65.0	2	MEDIUM	novel	False	intergenic			
CIRC_J00020	chr1:150622139-150662967(.)	chr1	150622139	150662967	.	1	1	SRR31451033	GB	2	534	False	0.0	65.0	2	MEDIUM	novel	False	intergenic			
CIRC_J00025	chr1:154699043-154875497(.)	chr1	154699043	154875497	.	1	1	SRR31451040	GB	2	547	False	0.0	75.0	2	MEDIUM	novel	False	intergenic			
CIRC_J00044	chr10:75026165-75182123(+)	chr10	75026165	75182123	+	1	1	SRR31451038	GB	2	427	False	0.0	63.0	2	MEDIUM	novel	False	SAMD8	ENSG00000156671.15	42.7141	False
CIRC_J00045	chr10:98244571-98400620(.)	chr10	98244571	98400620	.	1	1	SRR31451036	GB	2	434	False	0.0	61.0	2	MEDIUM	novel	False	intergenic			
CIRC_J00047	chr10:104028921-104115347(.)	chr10	104028921	104115347	.	1	1	SRR31451038	GB	2	393	False	0.0	89.0	2	MEDIUM	novel	False	intergenic			
CIRC_J00050	chr11:810233-902084(.)	chr11	810233	902084	.	1	1	SRR31451022	LGG	5	482	False	0.0	432.0	2	MEDIUM	novel	False	intergenic			
CIRC_J00059	chr11:12185174-12374614(.)	chr11	12185174	12374614	.	1	1	SRR31451018	LGG	2	609	False	0.0	548.0	2	MEDIUM	novel	False	intergenic			
CIRC_J00062	chr11:17018618-17077648(.)	chr11	17018618	17077648	.	1	1	SRR31451028	GB	7	595	False	0.0	50.0	2	MEDIUM	novel	False	intergenic			
CIRC_J00068	chr11:73675900-73793744(.)	chr11	73675900	73793744	.	1	1	SRR31451036	GB	2	683	False	0.0	65.0	2	MEDIUM	novel	False	intergenic			
CIRC_J00071	chr12:3211608-3261220(.)	chr12	3211608	3261220	.	1	1	SRR31451042	GB	2	445	False	0.0	83.0	2	MEDIUM	novel	False	intergenic			
CIRC_J00072	chr12:4669782-4805313(.)	chr12	4669782	4805313	.	1	1	SRR31451025	LGG	5	596	False	0.0	538.0	2	MEDIUM	novel	False	intergenic			
CIRC_J00081	chr12:67253837-67316270(.)	chr12	67253837	67316270	.	1	1	SRR31451020	LGG	2	879	False	0.0	65.0	2	MEDIUM	novel	False	intergenic			
CIRC_J00083	chr12:104265306-104385673(.)	chr12	104265306	104385673	.	1	1	SRR31451025	LGG	2	658	False	0.0	52.0	2	MEDIUM	novel	False	intergenic			
CIRC_J00087	chr12:124911722-124911954(-)	chr12	124911722	124911954	-	1	1	SRR31451021	LGG	1	231	True	1.0	130.0	2	MEDIUM	novel	False	UBC	ENSG00000150991.16	305.161	False
CIRC_J00094	chr13:35771339-35951300(.)	chr13	35771339	35951300	.	1	1	SRR31451039	GB	2	353	False	0.0	55.0	2	MEDIUM	novel	False	intergenic			
CIRC_J00102	chr14:101608049-101678429(.)	chr14	101608049	101678429	.	1	1	SRR31451038	GB	2	563	False	0.0	507.0	2	MEDIUM	novel	False	intergenic			
CIRC_J00116	chr16:33432-47380(.)	chr16	33432	47380	.	1	1	SRR31451028	GB	2	483	False	0.0	86.0	2	MEDIUM	novel	False	intergenic			
CIRC_J00117	chr16:1962052-2104376(.)	chr16	1962052	2104376	.	1	1	SRR31451039	GB	3	363	False	0.0	44.0	2	MEDIUM	novel	False	intergenic			
CIRC_J00122	chr16:61055408-61057153(.)	chr16	61055408	61057153	.	1	1	SRR31451027	GB	2	583	False	0.0	65.0	2	MEDIUM	novel	False	intergenic			
CIRC_J00127	chr17:14705032-14863057(.)	chr17	14705032	14863057	.	1	1	SRR31451036	GB	2	636	False	0.0	89.0	2	MEDIUM	novel	False	intergenic			
CIRC_J00139	chr17:81425493-81510323(.)	chr17	81425493	81510323	.	1	1	SRR31451027	GB	2	425	False	0.0	45.0	2	MEDIUM	novel	False	intergenic			
CIRC_J00153	chr19:41998376-42195150(.)	chr19	41998376	42195150	.	1	1	SRR31451019	LGG	2	794	False	0.0	88.0	2	MEDIUM	novel	False	intergenic			
CIRC_J00160	chr19:55385944-55518055(.)	chr19	55385944	55518055	.	1	1	SRR31451021	LGG	6	563	False	0.0	211.0	2	MEDIUM	novel	False	intergenic			
CIRC_J00167	chr2:55227902-55235602(.)	chr2	55227902	55235602	.	1	1	SRR31451039	GB	4	435	False	0.0	66.0	2	MEDIUM	novel	False	intergenic			
CIRC_J00180	chr21:31663798-31784070(.)	chr21	31663798	31784070	.	1	1	SRR31451027	GB	5	587	False	0.0	88.0	2	MEDIUM	novel	False	intergenic			
CIRC_J00181	chr21:33985163-34143033(.)	chr21	33985163	34143033	.	1	1	SRR31451039	GB	2	545	False	0.0	48.0	2	MEDIUM	novel	False	intergenic			
CIRC_J00183	chr22:31903447-32039950(.)	chr22	31903447	32039950	.	1	1	SRR31451025	LGG	2	558	False	0.0	75.0	2	MEDIUM	novel	False	intergenic			
CIRC_J00185	chr3:2989797-3152592(.)	chr3	2989797	3152592	.	1	1	SRR31451042	GB	3	1365	False	0.0	151.0	2	MEDIUM	novel	False	intergenic			
CIRC_J00187	chr3:33092055-33144988(.)	chr3	33092055	33144988	.	1	1	SRR31451020	LGG	2	683	False	0.0	53.0	2	MEDIUM	novel	False	intergenic			
CIRC_J00195	chr3:149924225-149965270(.)	chr3	149924225	149965270	.	1	1	SRR31451037	GB	2	457	False	0.0	35.0	2	MEDIUM	novel	False	intergenic			
CIRC_J00198	chr3:184674453-184710730(.)	chr3	184674453	184710730	.	1	1	SRR31451018	LGG	2	439	False	0.0	44.0	2	MEDIUM	novel	False	intergenic			
CIRC_J00215	chr5:42799906-42815638(.)	chr5	42799906	42815638	.	1	1	SRR31451032	GB	2	269	False	0.0	229.0	2	MEDIUM	novel	False	intergenic			
CIRC_J00221	chr5:134129417-134176901(.)	chr5	134129417	134176901	.	1	1	SRR31451025	LGG	7	722	False	0.0	563.0	2	MEDIUM	novel	False	intergenic			
CIRC_J00226	chr5:151612912-151662930(.)	chr5	151612912	151662930	.	1	1	SRR31451039	GB	2	579	False	0.0	61.0	2	MEDIUM	novel	False	intergenic			
CIRC_J00230	chr6:10970471-10981191(.)	chr6	10970471	10981191	.	1	1	SRR31451033	GB	2	506	False	0.0	46.0	2	MEDIUM	novel	False	intergenic			
CIRC_J00231	chr6:12514395-12677228(.)	chr6	12514395	12677228	.	1	1	SRR31451028	GB	2	472	False	0.0	85.0	2	MEDIUM	novel	False	intergenic			
CIRC_J00233	chr6:29602237-29630230(.)	chr6	29602237	29630230	.	1	1	SRR31451017	GB	2	643	False	0.0	51.0	2	MEDIUM	novel	False	intergenic			
CIRC_J00237	chr6:35470265-35664714(.)	chr6	35470265	35664714	.	1	1	SRR31451028	GB	3	364	False	0.0	47.0	2	MEDIUM	novel	False	intergenic			
CIRC_J00248	chr6:73517534-73590094(.)	chr6	73517534	73590094	.	1	1	SRR31451030	GB	3	706	False	0.0	134.0	2	MEDIUM	novel	False	intergenic			
CIRC_J00249	chr6:73517545-73654377(.)	chr6	73517545	73654377	.	1	1	SRR31451021	LGG	3	658	False	0.0	52.0	2	MEDIUM	novel	False	intergenic			
CIRC_J00253	chr6:125652689-125772911(.)	chr6	125652689	125772911	.	1	1	SRR31451032	GB	3	406	False	0.0	64.0	2	MEDIUM	novel	False	intergenic			
CIRC_J00271	chr7:155780521-155934234(.)	chr7	155780521	155934234	.	1	1	SRR31451037	GB	2	1110	False	0.0	135.0	2	MEDIUM	novel	False	intergenic			
CIRC_J00275	chr8:27598063-27715810(.)	chr8	27598063	27715810	.	1	1	SRR31451020	LGG	6	1090	False	0.0	289.0	2	MEDIUM	novel	False	intergenic			
CIRC_J00287	chr9:114643816-114731114(.)	chr9	114643816	114731114	.	1	1	SRR31451027	GB	2	900	False	0.0	75.0	2	MEDIUM	novel	False	intergenic			
CIRC_J00296	chrM:486-3228(.)	chrM	486	3228	.	1	1	SRR31451036	GB	2	587	False	0.0	550.0	2	MEDIUM	novel	False	intergenic			
CIRC_J00300	chrM:648-12137(+)	chrM	648	12137	+	1	1	SRR31451028	GB	2	599	False	0.0	69.0	2	MEDIUM	novel	False	MT-CO1	ENSG00000198804.2	70117.1	False
CIRC_J00301	chrM:659-5364(.)	chrM	659	5364	.	1	1	SRR31451041	GB	2	424	False	0.0	35.0	2	MEDIUM	novel	False	intergenic			
CIRC_J00305	chrM:1671-4262(+)	chrM	1671	4262	+	1	1	SRR31451027	GB	2	792	False	0.0	88.0	2	MEDIUM	novel	False	MT-ND1	ENSG00000198888.2	44249.1	False
CIRC_J00315	chrM:2599-7880(.)	chrM	2599	7880	.	1	1	SRR31451039	GB	2	738	False	0.0	64.0	2	MEDIUM	novel	False	intergenic			
CIRC_J00355	chrM:5317-5521(+)	chrM	5317	5521	+	1	1	SRR31451036	GB	1	217	True	1.0	213.0	2	MEDIUM	novel	False	MT-ND2	ENSG00000198763.3	49220.7	False
CIRC_J00359	chrM:6909-8487(.)	chrM	6909	8487	.	1	1	SRR31451036	GB	2	651	False	0.0	45.0	2	MEDIUM	novel	False	intergenic			
CIRC_J00362	chrM:7726-8286(-)	chrM	7726	8286	-	1	1	SRR31451033	GB	1	564	True	1.0	611.0	2	MEDIUM	novel	False	intergenic			
CIRC_J00364	chrM:8366-9206(+)	chrM	8366	9206	+	1	1	SRR31451040	GB	2	803	False	0.0	117.0	2	MEDIUM	novel	False	MT-ATP6	ENSG00000198899.2	69425.3	False
CIRC_J00366	chrM:8481-9289(-)	chrM	8481	9289	-	1	1	SRR31451038	GB	1	790	True	1.0	83.0	2	MEDIUM	novel	False	intergenic			
CIRC_J00371	chrM:9227-11094(.)	chrM	9227	11094	.	1	1	SRR31451035	GB	2	916	False	0.0	233.0	2	MEDIUM	novel	False	intergenic			
CIRC_J00378	chrM:11564-13961(.)	chrM	11564	13961	.	1	1	SRR31451037	GB	2	666	False	0.0	41.0	2	MEDIUM	novel	False	intergenic			
CIRC_J00380	chrX:1126240-1177796(.)	chrX	1126240	1177796	.	1	1	SRR31451035	GB	3	679	False	0.0	546.0	2	MEDIUM	novel	False	intergenic			
CIRC_J00381	chrX:3426548-3610512(.)	chrX	3426548	3610512	.	1	1	SRR31451028	GB	2	757	False	0.0	84.0	2	MEDIUM	novel	False	intergenic			
CIRC_J00013	chr1:96011445-96011610(+)	chr1	96011445	96011610	+	1	1	SRR31451029	GB	1	159	True	1.0	91.0	1	LOW	novel	False	intergenic			
CIRC_J00088	chr12:124912089-124912317(.)	chr12	124912089	124912317	.	1	1	SRR31451017	GB	1	229	False	0.0	0.0	1	LOW	novel	False	intergenic			
CIRC_J00107	chr15:74995507-74995563(+)	chr15	74995507	74995563	+	1	1	SRR31451024	LGG	1	52	True	1.0	12.0	1	LOW	novel	False	SCAMP5	ENSG00000198794.12	274.437	False
CIRC_J00216	chr5:61159096-61159463(.)	chr5	61159096	61159463	.	1	1	SRR31451018	LGG	1	368	False	0.0	144.0	1	LOW	novel	False	intergenic			
CIRC_J00256	chr6:159911327-160100807(.)	chr6	159911327	160100807	.	1	1	SRR31451039	GB	2	110	False	0.0	46.0	1	LOW	novel	False	intergenic			
CIRC_J00270	chr7:134289359-134289493(-)	chr7	134289359	134289493	-	1	1	SRR31451039	GB	1	136	True	1.0	60.0	1	LOW	novel	False	SLC35B4	ENSG00000205060.11	28.9707	False
CIRC_J00285	chr9:85931988-85932083(-)	chr9	85931988	85932083	-	1	1	SRR31451039	GB	1	107	True	1.0	67.0	1	LOW	novel	False	intergenic			
CIRC_J00365	chrM:8382-9215(.)	chrM	8382	9215	.	1	1	SRR31451031	GB	1	834	False	0.0	348.0	1	LOW	novel	False	intergenic			
CIRC_J00390	chrX:82519129-82519223(+)	chrX	82519129	82519223	+	1	1	SRR31451038	GB	1	90	True	1.0	32.0	1	LOW	novel	False	intergenic			
CIRC_J00029	chr1:191234626-191234668(.)	chr1	191234626	191234668	.	1	1	SRR31451024	LGG	1	43	False	0.0	2.0	0	LOW	novel	False	intergenic			
CIRC_J00080	chr12:66057606-66057682(.)	chr12	66057606	66057682	.	1	1	SRR31451042	GB	1	77	False	0.0	42.0	0	LOW	novel	False	intergenic			
CIRC_J00165	chr2:32866853-32866948(.)	chr2	32866853	32866948	.	1	1	SRR31451040	GB	1	96	False	0.0	3.0	0	LOW	novel	False	intergenic			
CIRC_J00166	chr2:32866891-32867022(.)	chr2	32866891	32867022	.	1	1	SRR31451032	GB	1	132	False	0.0	0.0	0	LOW	novel	False	intergenic			
CIRC_J00276	chr8:32407290-32407332(.)	chr8	32407290	32407332	.	1	1	SRR31451021	LGG	1	43	False	0.0	3.0	0	LOW	novel	False	intergenic			
CIRC_J00388	chrX:79286057-79286113(.)	chrX	79286057	79286113	.	1	1	SRR31451018	LGG	1	57	False	0.0	0.0	0	LOW	novel	False	intergenic			
