locus_id	chr	start	end	strand	n_transcripts	transcript_ids	n_samples	sample_list	tumor_types	max_exon_count	min_coding_probability	confidence_score	confidence_tier	db_status	in_LNCipedia	in_GENCODE	genomic_context	nearest_gene	nearest_gene_id	nearest_gene_distance	nearest_gene_brain_tpm	low_normal_brain_expression
LNC_L00039	chr1	156404251	156430268	-	165	ENST00000701195.1,SRR31451025.370322,SRR31451029.116944,SRR31451027.228336,SRR31451037.19953,SRR31451042.68701,SRR31451019.28237,SRR31451024.142257,SRR31451040.140752,SRR31451024.116020,ENST00000464238.6,SRR31451022.105252,ENST00000471156.6,ENST00000310027.10,ENST00000497822.6,SRR31451037.4797,ENST00000497824.5,ENST00000498346.1,SRR31451041.263,SRR31451037.124248,SRR31451017.44362,SRR31451023.24203,SRR31451039.148980,SRR31451028.100605,SRR31451022.14366,SRR31451030.131009,SRR31451018.19087,SRR31451037.140875,SRR31451040.174282,SRR31451032.63202,SRR31451017.228928,SRR31451022.26312,SRR31451027.35868,SRR31451020.359108,SRR31451017.64008,SRR31451028.118649,SRR31451036.883,SRR31451020.214250,SRR31451037.116291,SRR31451031.61117,SRR31451042.131968,SRR31451030.54044,SRR31451035.59713,SRR31451039.181000,SRR31451037.59794,SRR31451021.116858,ENST00000703085.1,ENST00000703026.1,SRR31451039.76794,ENST00000703098.1,SRR31451040.61297,ENST00000700991.1,ENST00000703029.1,SRR31451029.151487,ENST00000465270.6,SRR31451036.114610,SRR31451025.287678,SRR31451039.17049,SRR31451024.157128,SRR31451036.155972,SRR31451029.71358,SRR31451037.88100,SRR31451038.52100,SRR31451041.77320,SRR31451042.82285,SRR31451032.92962,SRR31451036.52693,SRR31451030.36030,SRR31451029.36859,SRR31451020.236509,SRR31451037.115354,SRR31451039.119802,SRR31451041.32665,SRR31451017.137526,SRR31451018.69357,SRR31451020.147409,SRR31451021.29109,SRR31451021.80666,SRR31451023.128240,SRR31451023.57705,SRR31451024.70026,SRR31451025.103546,SRR31451025.155665,SRR31451025.203737,SRR31451025.266336,SRR31451025.28037,SRR31451025.369198,SRR31451025.401951,SRR31451028.121496,SRR31451029.133197,SRR31451030.131377,SRR31451036.124198,SRR31451036.55079,SRR31451037.56341,SRR31451038.60883,SRR31451039.151878,SRR31451039.172699,SRR31451040.40368,SRR31451041.6551,SRR31451042.146578,SRR31451037.42732,SRR31451030.70460,SRR31451017.176999,SRR31451025.324829,ENST00000489877.6,ENST00000702513.1,ENST00000702912.1,SRR31451017.68133,SRR31451020.227265,SRR31451022.9964,SRR31451024.248398,SRR31451024.291828,SRR31451025.173233,SRR31451025.183614,SRR31451029.75932,SRR31451034.78830,SRR31451036.3538,SRR31451038.20220,SRR31451039.59850,SRR31451040.42538,ENST00000357975.5,ENST00000702128.1,SRR31451021.51693,ENST00000702897.1,SRR31451037.116240,ENST00000703048.1,ENST00000702972.1,SRR31451017.49640,SRR31451039.49161,SRR31451026.71184,SRR31451034.118256,ENST00000368242.7,SRR31451038.89524,SRR31451029.89654,SRR31451034.92544,SRR31451037.51986,SRR31451029.9931,SRR31451040.148252,SRR31451037.121256,SRR31451035.615,ENST00000702396.1,SRR31451023.139485,SRR31451030.68472,SRR31451031.8074,SRR31451032.14442,SRR31451035.22138,ENST00000400991.7,SRR31451034.10200,SRR31451029.114155,SRR31451021.49554,SRR31451033.95731,SRR31451032.38105,SRR31451025.277137,SRR31451020.90482,SRR31451025.114890,ENST00000702975.1,SRR31451029.37665,ENST00000703083.1,SRR31451025.345726,SRR31451028.115654,ENST00000703000.1,SRR31451025.172788,ENST00000702953.1,SRR31451039.135347,ENST00000702047.1	26	SRR31451017,SRR31451018,SRR31451019,SRR31451020,SRR31451021,SRR31451022,SRR31451023,SRR31451024,SRR31451025,SRR31451026,SRR31451027,SRR31451028,SRR31451029,SRR31451030,SRR31451031,SRR31451032,SRR31451033,SRR31451034,SRR31451035,SRR31451036,SRR31451037,SRR31451038,SRR31451039,SRR31451040,SRR31451041,SRR31451042	GB,LGG	80	0.0323381	3	HIGH	known	True	True	intergenic	MEF2D	ENSG00000116604.19	33459	89.1921	False
LNC_L00041	chr1	173863899	173867983	-	40	SRR31451039.19829,SRR31451033.27483,SRR31451036.70356,SRR31451037.126001,SRR31451042.13131,SRR31451017.148009,SRR31451018.99608,SRR31451019.36728,SRR31451021.84513,SRR31451022.9059,SRR31451023.92804,SRR31451024.164917,SRR31451025.125944,SRR31451025.252744,SRR31451028.98689,SRR31451032.111082,SRR31451032.67863,SRR31451035.28442,SRR31451038.58475,SRR31451040.162894,SRR31451040.585,ENST00000686995.1,ENST00000687189.1,ENST00000689238.1,SRR31451024.284878,SRR31451030.111982,SRR31451036.158678,SRR31451020.317458,SRR31451039.112862,SRR31451021.99569,SRR31451017.113561,SRR31451026.46494,SRR31451027.6766,SRR31451034.146841,SRR31451038.56242,SRR31451042.47915,SRR31451019.52671,SRR31451025.286416,SRR31451041.35849,SRR31451037.57021	24	SRR31451017,SRR31451018,SRR31451019,SRR31451020,SRR31451021,SRR31451022,SRR31451023,SRR31451024,SRR31451025,SRR31451026,SRR31451027,SRR31451028,SRR31451030,SRR31451032,SRR31451033,SRR31451034,SRR31451035,SRR31451036,SRR31451037,SRR31451038,SRR31451039,SRR31451040,SRR31451041,SRR31451042	GB,LGG	48	0.00908325	4	HIGH	known	True	True	intergenic	SERPINC1	ENSG00000117601.15	35817	0.317799	True
LNC_L00107	chr15	92882706	92898743	+	15	SRR31451024.163146,SRR31451040.71189,SRR31451030.26605,SRR31451034.1202,ENST00000556895.5,SRR31451020.236348,SRR31451025.273922,SRR31451039.75917,SRR31451028.120997,SRR31451029.6781,SRR31451035.52850,SRR31451042.74206,SRR31451017.176629,SRR31451036.121333,SRR31451027.179080	14	SRR31451017,SRR31451020,SRR31451024,SRR31451025,SRR31451027,SRR31451028,SRR31451029,SRR31451030,SRR31451034,SRR31451035,SRR31451036,SRR31451039,SRR31451040,SRR31451042	GB,LGG	130	0.0214815	3	HIGH	known	True	True	intronic_sense	CHD2	ENSG00000173575.24	0	35.5802	False
LNC_L00057	chr11	93730199	93735236	-	13	ENST00000534079.5,ENST00000525928.5,SRR31451021.21392,SRR31451039.96960,ENST00000530769.5,SRR31451019.54838,SRR31451029.183259,SRR31451027.50877-1,SRR31451037.80563,SRR31451025.332445,SRR31451040.26524,SRR31451027.27305,SRR31451020.116818	9	SRR31451019,SRR31451020,SRR31451021,SRR31451025,SRR31451027,SRR31451029,SRR31451037,SRR31451039,SRR31451040	GB,LGG	35	0.00619205	4	HIGH	known	True	False	intronic_sense	TAF1D	ENSG00000166012.17	0	26.3908	False
LNC_L00051	chr11	62851987	62855467	-	14	SRR31451029.111586,ENST00000663967.1,SRR31451028.28870,ENST00000658540.1,SRR31451041.53872,SRR31451020.241075,SRR31451024.102759,SRR31451037.19313,SRR31451024.61067,SRR31451020.256386,SRR31451031.121332,SRR31451035.24494,ENST00000544550.6,ENST00000660960.1	8	SRR31451020,SRR31451024,SRR31451028,SRR31451029,SRR31451031,SRR31451035,SRR31451037,SRR31451041	GB,LGG	20	0.013744	4	HIGH	known	True	True	intergenic	WDR74	ENSG00000133316.16	10179	25.1424	False
LNC_L00120	chr17	16439009	16442028	+	16	ENST00000580180.6,ENST00000475947.7,ENST00000470491.7,SRR31451020.323814,SRR31451025.184887,SRR31451042.66985,ENST00000481027.5,ENST00000581913.5,ENST00000655540.1,ENST00000660462.1,SRR31451017.204133,SRR31451020.290146,SRR31451028.40450,SRR31451039.51719,SRR31451040.151554,SRR31451037.67877	8	SRR31451017,SRR31451020,SRR31451025,SRR31451028,SRR31451037,SRR31451039,SRR31451040,SRR31451042	GB,LGG	96	0.0566681	3	HIGH	known	True	True	antisense	TRPV2	ENSG00000187688.15	2007	7.27932	False
LNC_L00165	chr19	58314787	58326967	-	9	SRR31451023.81212,SRR31451025.323922,SRR31451033.80830,ENST00000669440.2,SRR31451021.88604,SRR31451035.83783,SRR31451032.72036,SRR31451040.126713,SRR31451042.53996	8	SRR31451021,SRR31451023,SRR31451025,SRR31451032,SRR31451033,SRR31451035,SRR31451040,SRR31451042	GB,LGG	18	0.0307503	3	HIGH	known	True	True	antisense	A1BG	ENSG00000121410.12	18211	9.32109	False
LNC_L00101	chr15	25095546	25120426	+	7	SRR31451025.222935,SRR31451029.40026,SRR31451017.122282,SRR31451020.243820,SRR31451024.207387,SRR31451037.135022,SRR31451030.27834	7	SRR31451017,SRR31451020,SRR31451024,SRR31451025,SRR31451029,SRR31451030,SRR31451037	GB,LGG	17	0.0168662	4	HIGH	known	True	True	intergenic	ENSG00000214265	ENSG00000214265.11	95271		False
LNC_L00275	chr7	65751141	65764222	+	10	ENST00000688735.2,SRR31451017.153918,SRR31451025.178081,SRR31451030.90373,SRR31451025.381794,SRR31451028.21627,SRR31451027.81944,SRR31451032.48664,SRR31451024.225593,SRR31451027.43252	7	SRR31451017,SRR31451024,SRR31451025,SRR31451027,SRR31451028,SRR31451030,SRR31451032	GB,LGG	11	0.0197496	4	HIGH	known	True	True	intergenic	VKORC1L1	ENSG00000196715.7	108852	16.6429	False
LNC_L00033	chr1	149607306	149647624	+	8	SRR31451025.380260,ENST00000620190.1,SRR31451020.192368,SRR31451023.101922,SRR31451020.236745,SRR31451036.34352,SRR31451021.132293,SRR31451019.79396	6	SRR31451019,SRR31451020,SRR31451021,SRR31451023,SRR31451025,SRR31451036	GB,LGG	6	0.013022	4	HIGH	known	True	True	intergenic	PPIAL4C	ENSG00000288867.1	22700	0.83054	True
LNC_L00285	chr7	75185384	75196717	-	7	SRR31451034.65866,ENST00000621948.4,SRR31451041.70353,SRR31451039.126893,SRR31451022.33061,SRR31451026.50129,SRR31451025.376408	6	SRR31451022,SRR31451025,SRR31451026,SRR31451034,SRR31451039,SRR31451041	GB,LGG	8	0.0142276	4	HIGH	known	True	True	intergenic	RCC1L	ENSG00000274523.5	111157	23.681	False
LNC_L00295	chr7	102681421	102688217	-	6	SRR31451040.31666,SRR31451037.82900,SRR31451019.10072,SRR31451033.115192,SRR31451029.2196,SRR31451030.37667	6	SRR31451019,SRR31451029,SRR31451030,SRR31451033,SRR31451037,SRR31451040	GB,LGG	5	0.0245561	3	HIGH	novel	False	False	intergenic	POLR2J2	ENSG00000228049.8	9759	0.693231	True
LNC_L00137	chr17	64968036	64976012	-	11	SRR31451042.80521,SRR31451039.158067,SRR31451031.130687,ENST00000430983.6,ENST00000684992.1,ENST00000685100.1,ENST00000689168.2,ENST00000690715.2,SRR31451029.155027,ENST00000397713.6,SRR31451033.21985	5	SRR31451029,SRR31451031,SRR31451033,SRR31451039,SRR31451042	GB	20	0.0155338	4	HIGH	known	True	True	intergenic	GNA13	ENSG00000120063.10	33277	33.8366	False
LNC_L00182	chr2	104807569	104853296	-	10	ENST00000454729.2,ENST00000702984.1,ENST00000443988.7,ENST00000447876.5,SRR31451025.41467,SRR31451031.80828,SRR31451035.52870,SRR31451039.42063,ENST00000413121.7,SRR31451040.76262	5	SRR31451025,SRR31451031,SRR31451035,SRR31451039,SRR31451040	GB,LGG	44	0.0188493	4	HIGH	known	True	True	antisense	TGFBRAP1	ENSG00000135966.14	411095	19.3279	False
LNC_L00231	chr3	183447581	183456013	+	6	SRR31451040.112447,SRR31451025.282010,SRR31451030.35458,SRR31451034.96463,SRR31451017.15379,ENST00000482098.1	5	SRR31451017,SRR31451025,SRR31451030,SRR31451034,SRR31451040	GB,LGG	4	0.0111283	4	HIGH	known	True	True	intergenic	B3GNT5	ENSG00000176597.12	149078	1.87786	False
LNC_L00183	chr2	111207775	111367521	-	6	SRR31451020.239578,SRR31451018.149374,SRR31451017.225322,SRR31451020.219296,SRR31451025.313530,SRR31451029.159399	5	SRR31451017,SRR31451018,SRR31451020,SRR31451025,SRR31451029	GB,LGG	5	0.0267917	3	HIGH	known	True	True	intergenic	ANAPC1	ENSG00000153107.13	244118	5.81939	False
LNC_L00257	chr6	85659496	85678731	-	15	ENST00000658383.1,ENST00000658077.1,SRR31451020.217652-1,ENST00000623910.4,ENST00000654795.1,ENST00000660318.1,ENST00000670094.1,SRR31451036.72182,SRR31451042.106704,ENST00000658919.1,SRR31451020.50082,ENST00000655116.1,ENST00000667421.1,SRR31451030.80223,ENST00000655834.1	4	SRR31451020,SRR31451030,SRR31451036,SRR31451042	GB,LGG	84	0.010546	4	HIGH	known	True	True	intronic_sense	ENSG00000271793	ENSG00000271793.2	0		False
LNC_L00064	chr12	14521	17024	-	4	SRR31451042.2373-2,SRR31451023.138349-1,SRR31451019.84285,SRR31451020.274993-1	4	SRR31451019,SRR31451020,SRR31451023,SRR31451042	GB,LGG	5	0.220783	3	HIGH	novel	False	False	intergenic	SLC6A12	ENSG00000111181.13	173053	19.6795	False
LNC_L00109	chr15	101966066	101976543	+	4	SRR31451029.14829,SRR31451028.43020,SRR31451020.274993-2,SRR31451034.84020	4	SRR31451020,SRR31451028,SRR31451029,SRR31451034	GB,LGG	10	0.0414877	3	HIGH	known	False	True	intergenic	OR4F15	ENSG00000182854.8	145870	0.0	True
LNC_L00159	chr19	50333795	50337377	-	5	ENST00000531692.1,SRR31451022.9295,SRR31451019.49324,SRR31451031.113245,SRR31451020.245692	4	SRR31451019,SRR31451020,SRR31451022,SRR31451031	GB,LGG	7	0.151785	3	HIGH	known	True	True	antisense	KCNC3	ENSG00000131398.15	281	78.1913	False
LNC_L00277	chr7	66553484	66592363	-	4	SRR31451024.168490,SRR31451028.30333,SRR31451029.146520,SRR31451020.139837	4	SRR31451020,SRR31451024,SRR31451028,SRR31451029	GB,LGG	3	0.0264072	3	HIGH	known	True	True	intergenic	SBDS	ENSG00000126524.12	395317	271.857	False
LNC_L00234	chr3	197003131	197004743	+	4	ENST00000414354.3,SRR31451019.16112,SRR31451031.43304,SRR31451032.18130	3	SRR31451019,SRR31451031,SRR31451032	GB,LGG	9	0.00554396	4	HIGH	known	True	True	antisense	NCBP2AS2	ENSG00000270170.2	59589	48.8103	False
LNC_L00284	chr7	75156638	75157943	-	3	SRR31451020.78315,SRR31451022.116120,SRR31451033.63656	3	SRR31451020,SRR31451022,SRR31451033	GB,LGG	3	0.0100299	4	HIGH	novel	False	False	intergenic	RCC1L	ENSG00000274523.5	82411	23.681	False
LNC_L00035	chr1	155195000	155205488	+	4	SRR31451042.67961,SRR31451039.38104,SRR31451038.44624,ENST00000702699.1	3	SRR31451038,SRR31451039,SRR31451042	GB	5	0.119581	3	HIGH	known	False	True	antisense	MTX1	ENSG00000173171.15	3207	8.03239	False
LNC_L00125	chr17	30759499	30770050	+	3	SRR31451020.7579,SRR31451028.93509,SRR31451029.34272	3	SRR31451020,SRR31451028,SRR31451029	GB,LGG	4	0.0258593	3	HIGH	known	True	True	antisense	ATAD5	ENSG00000176208.9	61916	4.1686	False
LNC_L00139	chr17	72071043	72116016	-	3	SRR31451035.61454,SRR31451017.22219,SRR31451025.316379	3	SRR31451017,SRR31451025,SRR31451035	GB,LGG	6	0.0296348	3	HIGH	known	True	True	intergenic	SLC39A11	ENSG00000133195.12	529933	6.29027	False
LNC_L00156	chr19	36319816	36331741	-	4	SRR31451017.150133,SRR31451028.102807,ENST00000651681.3,SRR31451020.13861	3	SRR31451017,SRR31451020,SRR31451028	GB,LGG	12	0.0793188	3	HIGH	known	True	True	intergenic	ZFP14	ENSG00000142065.14	2712	9.73996	False
LNC_L00178	chr2	96010592	96023381	+	4	ENST00000467292.7,SRR31451034.87901,SRR31451029.172838,SRR31451019.110576	3	SRR31451019,SRR31451029,SRR31451034	GB,LGG	4	0.0316743	3	HIGH	known	False	True	antisense	CIAO1	ENSG00000144021.3	242778	49.6074	False
LNC_L00242	chr5	93409826	93585589	-	7	ENST00000671514.1,ENST00000607112.1,SRR31451025.356776,SRR31451020.316401,ENST00000659336.1,SRR31451036.167503,ENST00000654055.1	3	SRR31451020,SRR31451025,SRR31451036	GB,LGG	25	0.027161	3	HIGH	known	True	True	antisense	ARB2A	ENSG00000113391.19	32136	28.3675	False
LNC_L00249	chr6	31834626	31839764	+	9	ENST00000375641.6,ENST00000375638.7,ENST00000375635.6,ENST00000375640.7,ENST00000648677.1,SRR31451020.57917,ENST00000614363.4,SRR31451038.15776,SRR31451026.45807	3	SRR31451020,SRR31451026,SRR31451038	GB,LGG	92	0.0710881	3	HIGH	known	False	True	intergenic	HSPA1B	ENSG00000204388.7	4373	113.288	False
LNC_L00269	chr7	32916814	32943176	-	4	SRR31451025.98650,ENST00000381639.3,SRR31451024.228745,SRR31451017.203662	3	SRR31451017,SRR31451024,SRR31451025	GB,LGG	12	0.0794524	3	HIGH	known	True	True	intergenic	KBTBD2	ENSG00000170852.12	22684	35.4636	False
LNC_L00282	chr7	73298074	73303225	+	3	SRR31451025.403187,SRR31451017.194745,SRR31451028.116002	3	SRR31451017,SRR31451025,SRR31451028	GB,LGG	3	0.0325594	3	HIGH	known	True	False	antisense	FKBP6	ENSG00000077800.13	24936	0.110864	True
LNC_L00286	chr7	75414750	75417419	+	3	SRR31451017.201459,SRR31451027.184222,SRR31451030.84295	3	SRR31451017,SRR31451027,SRR31451030	GB	4	0.11371	3	HIGH	known	True	True	antisense	TRIM73	ENSG00000178809.12	3755	3.37966	False
LNC_L00293	chr7	100200652	100223698	-	4	SRR31451029.77270,SRR31451037.90141,SRR31451039.178904,SRR31451029.167424	3	SRR31451029,SRR31451037,SRR31451039	GB	3	0.338982	3	HIGH	known	True	True	antisense	GPC2	ENSG00000213420.8	23272	3.20339	False
LNC_L00326	chr9	136724432	136728178	-	9	SRR31451025.754,ENST00000663097.1,ENST00000436596.2,SRR31451036.166390,SRR31451025.47028,SRR31451039.110407,ENST00000416970.5,ENST00000653276.1,SRR31451025.35784	3	SRR31451025,SRR31451036,SRR31451039	GB,LGG	56	0.0301693	3	HIGH	known	True	True	antisense	LCN10	ENSG00000187922.14	9989	1.06296	False
LNC_L00066	chr12	6439164	6451547	-	4	SRR31451038.33020,SRR31451025.273810,ENST00000504270.3,SRR31451025.305	2	SRR31451025,SRR31451038	GB,LGG	6	0.013721	3	HIGH	known	True	True	antisense	VAMP1	ENSG00000139190.17	10690	106.297	False
LNC_L00108	chr15	94064356	94070820	-	3	SRR31451025.270098,SRR31451020.332956,ENST00000555772.2	2	SRR31451020,SRR31451025	LGG	6	0.0192579	3	HIGH	known	True	True	intergenic	RGMA	ENSG00000182175.15	975146	16.7046	False
LNC_L00153	chr19	9621543	9633885	+	4	ENST00000688502.1,ENST00000585797.6,SRR31451025.193598,SRR31451021.45434	2	SRR31451021,SRR31451025	LGG	4	0.0154154	3	HIGH	known	True	True	intergenic	UBL5	ENSG00000198258.11	194007	347.789	False
LNC_L00160	chr19	50797760	50804639	-	5	SRR31451025.37590,ENST00000595794.5,SRR31451032.56049,ENST00000693315.1,ENST00000641834.2	2	SRR31451025,SRR31451032	GB,LGG	8	0.0151706	3	HIGH	novel	False	False	intergenic	SMIM47	ENSG00000261341.7	4619	0.186265	True
LNC_L00235	chr5	1571955	1576629	-	2	SRR31451018.110385,SRR31451030.67903	2	SRR31451018,SRR31451030	GB,LGG	4	0.0155706	3	HIGH	known	False	True	intergenic	LPCAT1	ENSG00000153395.10	47994	37.4225	False
LNC_L00281	chr7	73203422	73207283	+	2	SRR31451020.104249,SRR31451028.39929	2	SRR31451020,SRR31451028	GB,LGG	4	0.0140867	3	HIGH	novel	False	False	intergenic	FKBP6	ENSG00000077800.13	120878	0.110864	True
LNC_L00296	chr7	130944165	131108063	-	4	ENST00000701594.1,ENST00000703250.1,SRR31451040.519,SRR31451036.44759	2	SRR31451036,SRR31451040	GB	15	0.0186429	3	HIGH	known	True	True	intergenic	KLF14	ENSG00000266265.4	209959	0.0775051	True
LNC_L00310	chr8	103153393	103172140	-	4	SRR31451029.158273,ENST00000521102.3,SRR31451024.178088,ENST00000500902.1	2	SRR31451024,SRR31451029	GB,LGG	21	0.0113134	3	HIGH	known	True	True	antisense	SLC25A32	ENSG00000164933.13	226495	16.2883	False
LNC_L00096	chr14	105643067	105643889	-	4	SRR31451018.49484,SRR31451023.148216,SRR31451020.345345,SRR31451033.12769	4	SRR31451018,SRR31451020,SRR31451023,SRR31451033	GB,LGG	2	0.278497	2	MEDIUM	known	True	False	intergenic	BRF1	ENSG00000185024.18	327479	33.5659	False
LNC_L00001	chr1	14415	187276	-	2	SRR31451031.46046,SRR31451030.47881	2	SRR31451030,SRR31451031	GB	4	0.212252	2	MEDIUM	known	True	True	antisense	OR4F29	ENSG00000284733.2	263464	0.0681476	True
LNC_L00036	chr1	155213832	155218988	-	2	SRR31451017.169062,SRR31451029.164023	2	SRR31451017,SRR31451029	GB	7	0.0723588	2	MEDIUM	known	False	True	intergenic	THBS3	ENSG00000169231.13	4782	17.9669	False
LNC_L00086	chr14	19268852	19337669	-	2	SRR31451039.23377,SRR31451037.81684	2	SRR31451037,SRR31451039	GB	8	0.0286725	2	MEDIUM	known	True	False	intergenic	POTEG	ENSG00000187537.13	64817	0.0	True
LNC_L00099	chr15	22576032	22590815	+	3	ENST00000690192.1,SRR31451020.37143,SRR31451024.58644	2	SRR31451020,SRR31451024	LGG	5	0.0208403	2	MEDIUM	known	True	True	intergenic	GOLGA6L22	ENSG00000277865.6	106807	0.0348757	True
LNC_L00100	chr15	24997956	25002404	+	3	SRR31451025.257547,SRR31451042.63841,ENST00000551938.1	2	SRR31451025,SRR31451042	GB,LGG	4	0.0267447	2	MEDIUM	known	True	True	intronic_sense	ENSG00000214265	ENSG00000214265.11	0		False
LNC_L00162	chr19	56393685	56399053	+	2	SRR31451017.101081,SRR31451040.25848	2	SRR31451017,SRR31451040	GB	5	0.0765343	2	MEDIUM	known	True	True	intronic_sense	ZNF583	ENSG00000198440.9	0	4.1005	False
LNC_L00185	chr2	113596681	113598920	+	2	SRR31451030.47881-1,SRR31451037.94186	2	SRR31451030,SRR31451037	GB	4	0.128974	2	MEDIUM	known	False	True	intergenic	RABL2A	ENSG00000144134.19	28309	28.1439	False
LNC_L00192	chr2	176629588	176637775	-	4	ENST00000703418.1,ENST00000295549.9,SRR31451020.59851,SRR31451025.330216	2	SRR31451020,SRR31451025	LGG	12	0.0708216	2	MEDIUM	known	True	True	intergenic	EVX2	ENSG00000174279.5	545627	0.0336478	True
LNC_L00200	chr21	6484622	6486436	-	2	SRR31451029.12667,SRR31451024.207527	2	SRR31451024,SRR31451029	GB,LGG	3	0.160615	2	MEDIUM	novel	False	False	intergenic	LIPI	ENSG00000188992.12	7622377	0.463162	True
LNC_L00247	chr6	30291005	30326846	-	2	SRR31451020.361240,SRR31451019.11308	2	SRR31451019,SRR31451020	LGG	4	0.0309795	2	MEDIUM	known	True	True	antisense	TRIM26	ENSG00000234127.9	77579	43.6699	False
LNC_L00250	chr6	32013391	32014146	+	2	SRR31451021.39799,SRR31451020.96988	2	SRR31451020,SRR31451021	LGG	2	0.0113504	2	MEDIUM	novel	False	False	intergenic	C4B	ENSG00000224389.9	649	2.22491	False
LNC_L00259	chr6	138692547	138697273	+	2	SRR31451039.158921,SRR31451034.128206	2	SRR31451034,SRR31451039	GB	4	0.0250988	2	MEDIUM	known	True	True	antisense	CCDC28A	ENSG00000024862.18	76496	57.9596	False
LNC_L00278	chr7	66682163	66685692	+	2	SRR31451026.6663,SRR31451029.152175	2	SRR31451026,SRR31451029	GB,LGG	2	0.00553579	2	MEDIUM	known	True	True	intronic_sense	ENSG00000284461	ENSG00000284461.2	0		False
LNC_L00279	chr7	67309040	67320401	+	2	SRR31451032.80853,SRR31451027.21803	2	SRR31451027,SRR31451032	GB	3	0.0595247	2	MEDIUM	known	True	True	intergenic	SPDYE21	ENSG00000230358.6	20036	0.228288	True
LNC_L00292	chr7	97966376	97972299	-	2	SRR31451027.205382,SRR31451017.112229	2	SRR31451017,SRR31451027	GB	4	0.157041	2	MEDIUM	known	False	True	intergenic	OCM2	ENSG00000135175.6	12388	0.0	True
LNC_L00336	chrX	154639434	154640872	-	2	SRR31451020.300561,SRR31451031.35864	2	SRR31451020,SRR31451031	GB,LGG	3	0.325708	2	MEDIUM	novel	False	False	intergenic	CTAG2	ENSG00000126890.14	11100	0.0	True
LNC_L00046	chr1	222827433	222837380	+	1	SRR31451017.160019	1	SRR31451017	GB	3	0.013328	2	MEDIUM	known	True	False	intronic_sense	DISP1	ENSG00000154309.9	0	3.58048	False
LNC_L00068	chr12	25954656	25958360	-	1	SRR31451019.104151	1	SRR31451019	LGG	3	0.0167667	2	MEDIUM	known	True	True	antisense	BHLHE41	ENSG00000123095.6	161670	106.994	False
LNC_L00083	chr13	63738880	63751080	+	1	SRR31451029.161184	1	SRR31451029	GB	4	0.00355585	2	MEDIUM	known	True	True	intronic_sense	ENSG00000237378	ENSG00000237378.3	0	0.0	True
LNC_L00117	chr17	5111944	5114382	+	3	ENST00000413077.3,SRR31451025.61538,ENST00000570712.3	1	SRR31451025	LGG	18	0.0134226	2	MEDIUM	known	True	True	antisense	USP6	ENSG00000129204.17	1650	0.860195	True
LNC_L00157	chr19	37265956	37272071	-	2	ENST00000588763.5,SRR31451017.203494	1	SRR31451017	GB	3	0.0128418	2	MEDIUM	known	True	True	intergenic	ZNF585B	ENSG00000245680.11	47804	10.8642	False
LNC_L00180	chr2	104408294	104415774	+	2	SRR31451029.175098,ENST00000416008.2	1	SRR31451029	GB	3	0.0157533	2	MEDIUM	known	True	True	intergenic	POU3F3	ENSG00000198914.5	437513	48.2506	False
LNC_L00205	chr21	8380665	8406710	+	1	SRR31451025.277026	1	SRR31451025	LGG	4	0.00955277	2	MEDIUM	known	False	True	intergenic	TPTE	ENSG00000274391.5	2114843	0.0	True
LNC_L00207	chr21	9068364	9070393	-	1	SRR31451034.74975	1	SRR31451034	GB	3	0.0199331	2	MEDIUM	known	False	True	intergenic	LIPI	ENSG00000188992.12	5038420	0.463162	True
LNC_L00210	chr21	20743077	20803033	-	2	SRR31451039.92154,ENST00000437238.6	1	SRR31451039	GB	8	0.0190789	2	MEDIUM	known	True	True	intergenic	TMPRSS15	ENSG00000154646.9	2257199	0.0248109	True
LNC_L00213	chr3	9385821	9397474	-	3	ENST00000685076.2,ENST00000660127.1,SRR31451025.401103	1	SRR31451025	LGG	5	0.0198868	2	MEDIUM	known	True	True	antisense	SRGAP3	ENSG00000196220.17	22769	54.4076	False
LNC_L00258	chr6	111483458	111505393	+	2	ENST00000691364.2,SRR31451032.28699	1	SRR31451032	GB	6	0.0129261	2	MEDIUM	known	True	True	antisense	MFSD4B	ENSG00000173214.7	38105	1.95897	False
LNC_L00272	chr7	44983025	44986665	-	3	ENST00000577700.5,ENST00000578968.6,SRR31451027.231006	1	SRR31451027	GB	30	0.00409382	2	MEDIUM	known	True	True	intergenic	MYO1G	ENSG00000136286.16	3938	1.69944	False
LNC_L00287	chr7	77015746	77023761	+	1	SRR31451026.4776	1	SRR31451026	LGG	3	0.0200354	2	MEDIUM	known	True	True	antisense	CCDC146	ENSG00000135205.15	98673	5.80496	False
LNC_L00307	chr8	91063556	91070189	-	3	SRR31451034.65107,ENST00000522817.3,ENST00000524003.1	1	SRR31451034	GB	10	0.0175049	2	MEDIUM	known	True	True	intergenic	PIP4P2	ENSG00000155099.8	22685	29.4212	False
LNC_L00323	chr9	129336922	129347462	+	2	ENST00000665063.2,SRR31451027.181612	1	SRR31451027	GB	4	0.0139199	2	MEDIUM	known	True	True	intergenic	ENSG00000235007	ENSG00000235007.3	76348	0.222024	True
LNC_L00331	chrX	73944350	74004665	+	3	ENST00000655090.1,ENST00000660836.1,SRR31451025.214645	1	SRR31451025	LGG	8	0.0129341	2	MEDIUM	known	True	True	intergenic	CHIC1	ENSG00000204116.12	257240	16.2926	False
LNC_L00333	chrX	136922421	137021925	+	1	SRR31451019.122474	1	SRR31451019	LGG	4	0.00958907	2	MEDIUM	known	True	True	intergenic	CD40LG	ENSG00000102245.9	262032	0.110386	True
LNC_L00042	chr1	190478324	190481554	+	2	ENST00000436905.5,ENST00000424735.1	0			6	0.0180727	2	MEDIUM	known	True	True	antisense	RGS18	ENSG00000150681.10	1676908	1.99509	False
LNC_L00047	chr1	230002695	230007162	+	3	ENST00000445339.1,ENST00000692439.1,ENST00000660480.3	0			14	0.00953504	2	MEDIUM	known	True	True	intergenic	GALNT2	ENSG00000143641.10	50828	11.6113	False
LNC_L00056	chr11	83072081	83073600	+	1	ENST00000656330.1	0			12	0.0113953	2	MEDIUM	known	True	True	intergenic	PCF11	ENSG00000165494.12	83388	31.0504	False
LNC_L00059	chr11	112290263	112294116	+	2	ENST00000666993.1,ENST00000689463.1	0			8	0.00946371	2	MEDIUM	known	True	True	intergenic	PTS	ENSG00000150787.8	20309	33.4573	False
LNC_L00073	chr12	56300093	56314808	+	2	ENST00000549565.4,ENST00000660360.2	0			3	0.0134026	2	MEDIUM	known	True	True	antisense	IL23A	ENSG00000110944.9	19366	0.713855	True
LNC_L00092	chr14	85934665	86130398	+	1	ENST00000654590.2	0			4	0.0128596	2	MEDIUM	known	True	True	intergenic	FLRT2	ENSG00000185070.12	280238	4.41499	False
LNC_L00111	chr16	2154795	2155359	-	1	ENST00000563192.2	0			36	0.00436106	2	MEDIUM	known	True	True	intergenic	PKD1	ENSG00000008710.20	18898	577.19	False
LNC_L00114	chr16	56617444	56618830	+	2	ENST00000565768.3,ENST00000686205.1	0			9	0.0174683	2	MEDIUM	known	False	True	intergenic	MT1E	ENSG00000169715.15	6645	226.765	False
LNC_L00115	chr17	1516876	1518101	+	1	ENST00000425081.3	0			8	0.00909885	2	MEDIUM	known	True	True	antisense	WDR81	ENSG00000167716.19	198422	12.6291	False
LNC_L00127	chr17	35568108	35574558	+	1	ENST00000592381.1	0			12	0.0154243	2	MEDIUM	known	True	True	intergenic	AP2B1	ENSG00000006125.18	3488	106.67	False
LNC_L00135	chr17	61393457	61399606	-	1	ENST00000591313.7	0			4	0.0124749	2	MEDIUM	known	True	True	intergenic	NACA2	ENSG00000253506.3	190815	0.573782	True
LNC_L00147	chr18	63367359	63381629	+	2	ENST00000589905.2,ENST00000701375.1	0			4	0.00893349	2	MEDIUM	known	True	True	intergenic	SERPINB5	ENSG00000206075.14	95329	0.0628885	True
LNC_L00150	chr18	78976806	78978893	-	3	ENST00000572007.1,ENST00000583511.3,ENST00000575722.1	0			14	0.0160459	2	MEDIUM	known	True	True	intergenic	SLC66A2	ENSG00000122490.19	923527	57.5519	False
LNC_L00167	chr2	3532009	3536873	-	1	ENST00000422961.5	0			3	0.0165282	2	MEDIUM	known	True	True	intronic_sense	ENSG00000286905	ENSG00000286905.1	0		False
LNC_L00191	chr2	176134852	176136767	-	1	ENST00000426965.1	0			3	0.0159185	2	MEDIUM	known	True	True	antisense	EVX2	ENSG00000174279.5	50891	0.0336478	True
LNC_L00195	chr2	219299001	219304130	+	1	ENST00000417355.1	0			3	0.0129972	2	MEDIUM	known	False	True	antisense	DNAJB2	ENSG00000135924.17	12104	243.323	False
LNC_L00212	chr3	112156	197199	-	2	ENST00000663345.1,ENST00000452919.1	0			5	0.0179764	2	MEDIUM	known	True	True	antisense	IL5RA	ENSG00000091181.20	2869125	0.301733	True
LNC_L00217	chr3	11193438	11225839	-	1	ENST00000658562.1	0			3	0.00972643	2	MEDIUM	known	True	True	antisense	VGLL4	ENSG00000144560.16	330230	9.82174	False
LNC_L00253	chr6	34219619	34220937	+	1	ENST00000399027.3	0			4	0.0158995	2	MEDIUM	novel	False	False	intergenic	HMGA1	ENSG00000137309.21	15936	67.2219	False
LNC_L00289	chr7	79454022	79471390	+	1	ENST00000414797.7	0			10	0.0187724	2	MEDIUM	known	True	True	intergenic	GNAI1	ENSG00000127955.17	296638	91.3257	False
LNC_L00290	chr7	87324589	87345527	-	2	ENST00000661943.3,ENST00000421293.4	0			36	0.0206613	2	MEDIUM	known	True	True	intergenic	ABCB4	ENSG00000005471.19	56169	0.23093	True
LNC_L00300	chr7	151877458	151879214	+	1	ENST00000467458.3	0			4	0.0170705	2	MEDIUM	known	True	True	intergenic	GALNTL5	ENSG00000106648.15	77165	2.23658	False
LNC_L00302	chr8	1761363	1763333	-	2	ENST00000687153.1,ENST00000518481.2	0			12	0.0156896	2	MEDIUM	known	True	True	antisense	ERICH1	ENSG00000104714.14	1023258	3.54595	False
LNC_L00305	chr8	66921933	66925541	-	4	ENST00000520348.6,ENST00000520944.6,ENST00000521399.7,ENST00000686474.2	0			104	0.00683942	2	MEDIUM	known	True	True	antisense	TCF24	ENSG00000261787.2	20960	0.144824	True
LNC_L00313	chr8	143280160	143281687	-	2	ENST00000517411.4,ENST00000518073.3	0			6	0.00641209	2	MEDIUM	known	True	True	intergenic	TOP1MT	ENSG00000184428.13	22697	2.45655	False
LNC_L00321	chr9	95870283	95875551	-	1	ENST00000427259.1	0			4	0.0119888	2	MEDIUM	known	True	True	antisense	PTCH1	ENSG00000185920.19	353227	35.1468	False
LNC_L00332	chrX	129675887	129678348	-	1	ENST00000668487.1	0			6	0.0190585	2	MEDIUM	known	True	True	intergenic	APLN	ENSG00000171388.12	20932	39.8589	False
LNC_L00038	chr1	155749522	155750762	+	2	SRR31451022.6863,SRR31451020.195461	2	SRR31451020,SRR31451022	LGG	2	0.28694	1	LOW	novel	False	False	antisense	DAP3	ENSG00000132676.16	10513	29.6731	False
LNC_L00134	chr17	57989043	57991379	-	2	SRR31451042.54023,SRR31451024.188880	2	SRR31451024,SRR31451042	GB,LGG	2	0.0291269	1	LOW	known	True	True	intronic_sense	ENSG00000266086	ENSG00000266086.3	0		False
LNC_L00005	chr1	16618456	16626386	-	2	ENST00000639481.1,SRR31451024.244118	1	SRR31451024	LGG	4	0.0638794	1	LOW	known	False	True	intergenic	NBPF1	ENSG00000219481.11	4895	11.5259	False
LNC_L00012	chr1	41847300	42035925	-	1	SRR31451017.100346	1	SRR31451017	GB	3	0.0422269	1	LOW	known	True	False	intronic_sense	HIVEP3	ENSG00000127124.16	0	8.94213	False
LNC_L00013	chr1	59056659	59104096	+	1	SRR31451019.93819	1	SRR31451019	LGG	3	0.0370306	1	LOW	known	True	True	intergenic	FGGY	ENSG00000172456.18	192542	3.91911	False
LNC_L00017	chr1	94927983	94963270	+	3	ENST00000659935.1,ENST00000438509.3,SRR31451027.93874	1	SRR31451027	GB	8	0.283943	1	LOW	known	True	True	intergenic	SLC44A3	ENSG00000143036.17	32738	9.60872	False
LNC_L00020	chr1	119146948	119151419	+	1	SRR31451025.47063	1	SRR31451025	LGG	3	0.0418633	1	LOW	known	True	True	intergenic	HAO2	ENSG00000116882.15	217360	0.0479818	True
LNC_L00025	chr1	121397142	121430310	+	1	SRR31451025.54916	1	SRR31451025	LGG	3	0.0392827	1	LOW	known	True	True	intergenic	SRGAP2C	ENSG00000171943.12	4269	25.93	False
LNC_L00027	chr1	144716072	144758298	+	3	ENST00000692166.2,ENST00000692403.1,SRR31451027.55071	1	SRR31451027	GB	27	0.0368208	1	LOW	known	False	True	intergenic	PPIAL4F	ENSG00000279782.3	122421	0.0	True
LNC_L00032	chr1	149197994	149261688	-	1	SRR31451040.135193	1	SRR31451040	GB	5	0.091316	1	LOW	known	False	True	intergenic	NBPF9	ENSG00000269713.9	94434	16.7058	False
LNC_L00037	chr1	155233135	155234450	+	1	SRR31451025.291765	1	SRR31451025	LGG	4	0.291821	1	LOW	novel	False	False	intergenic	MTX1	ENSG00000173171.15	19312	8.03239	False
LNC_L00040	chr1	172393754	172399902	-	1	SRR31451020.334526	1	SRR31451020	LGG	2	0.00592305	1	LOW	known	True	False	intronic_sense	PIGC	ENSG00000135845.10	0	9.08918	False
LNC_L00045	chr1	211382836	211432532	+	2	ENST00000423222.6,SRR31451026.50083	1	SRR31451026	LGG	6	0.189666	1	LOW	known	True	True	intergenic	TRAF5	ENSG00000082512.15	7891	3.63751	False
LNC_L00048	chr11	1995175	1996831	-	4	SRR31451033.48264,ENST00000447298.3,ENST00000412788.6,ENST00000414790.9	1	SRR31451033	GB	30	0.0629677	1	LOW	known	True	True	intergenic	PRR33	ENSG00000283787.2	103281	0.538031	True
LNC_L00061	chr11	122028110	122203063	-	6	ENST00000669306.2,SRR31451020.38914,ENST00000693154.2,ENST00000691884.2,ENST00000529823.2,ENST00000664908.1	1	SRR31451020	LGG	6	0.0273553	1	LOW	known	True	True	intronic_sense	BLID	ENSG00000259571.2	0	0.0	True
LNC_L00067	chr12	9569110	9574930	+	1	SRR31451021.32565	1	SRR31451021	LGG	6	0.0424633	1	LOW	known	True	True	intergenic	CLEC2D	ENSG00000069493.15	90039	2.38597	False
LNC_L00080	chr13	45383165	45391427	+	1	SRR31451042.30479	1	SRR31451042	GB	4	0.0921911	1	LOW	known	True	True	intergenic	COG3	ENSG00000136152.15	73471	23.8043	False
LNC_L00087	chr14	22463090	22466575	+	2	ENST00000390477.2,SRR31451019.111945	1	SRR31451019	LGG	4	0.0700892	1	LOW	known	True	False	intergenic	ABHD4	ENSG00000100439.11	131715	20.2303	False
LNC_L00088	chr14	22550622	22552156	+	1	SRR31451019.122259	1	SRR31451019	LGG	2	0.00856884	1	LOW	novel	False	False	intergenic	ABHD4	ENSG00000100439.11	46134	20.2303	False
LNC_L00104	chr15	44825746	44831586	-	1	SRR31451019.127261	1	SRR31451019	LGG	3	0.0573636	1	LOW	known	False	True	intergenic	PATL2	ENSG00000229474.8	114424	0.413193	True
LNC_L00112	chr16	15104454	15119005	-	1	SRR31451028.37905	1	SRR31451028	GB	8	0.243722	1	LOW	known	True	True	antisense	RRN3	ENSG00000085721.13	10144	38.8593	False
LNC_L00113	chr16	21810558	21811804	-	1	SRR31451034.72566	1	SRR31451034	GB	2	0.0191399	1	LOW	known	False	True	intergenic	NPIPB4	ENSG00000185864.19	22778	5.97011	False
LNC_L00119	chr17	7015842	7019630	-	2	ENST00000443997.1,SRR31451017.45218	1	SRR31451017	GB	6	0.0229857	1	LOW	known	True	True	antisense	SLC16A11	ENSG00000174326.15	21991	4.64568	False
LNC_L00121	chr17	18731143	18736112	+	1	SRR31451019.83721	1	SRR31451019	LGG	3	0.37317	1	LOW	known	True	True	intergenic	FBXW10	ENSG00000171931.13	7914	1.62957	False
LNC_L00122	chr17	20424588	20433054	+	2	ENST00000413270.2,SRR31451017.114236	1	SRR31451017	GB	5	0.0665133	1	LOW	known	True	True	intergenic	SPECC1	ENSG00000128487.19	105563	18.6794	False
LNC_L00126	chr17	31024340	31034162	+	1	SRR31451018.85942	1	SRR31451018	LGG	4	0.279714	1	LOW	known	True	True	intergenic	RNF135	ENSG00000181481.14	24430	5.46348	False
LNC_L00140	chr17	72403326	72592791	-	3	ENST00000647652.1,SRR31451017.120366,ENST00000649793.2	1	SRR31451017	GB	12	0.0515243	1	LOW	known	True	True	intergenic	SLC39A11	ENSG00000133195.12	53158	6.29027	False
LNC_L00143	chr18	3594448	3597372	+	2	ENST00000700825.1,SRR31451033.86840	1	SRR31451033	GB	3	0.0266923	1	LOW	known	True	True	antisense	TGIF1	ENSG00000177426.22	134471	3.78704	False
LNC_L00169	chr2	12966781	13006949	-	2	SRR31451025.6313,ENST00000653005.1	1	SRR31451025	LGG	4	0.0232915	1	LOW	known	True	True	intergenic	NTSR2	ENSG00000169006.7	1296587	102.872	False
LNC_L00171	chr2	63044594	63046643	-	1	SRR31451025.74621	1	SRR31451025	LGG	3	0.276478	1	LOW	known	True	True	antisense	WDPCP	ENSG00000143951.16	72916	1.52495	False
LNC_L00172	chr2	64229496	64252602	+	1	SRR31451029.161829	1	SRR31451029	GB	3	0.0284459	1	LOW	known	True	True	intergenic	LGALSL	ENSG00000119862.13	201367	27.1685	False
LNC_L00179	chr2	97416164	97424695	-	1	SRR31451025.356406	1	SRR31451025	LGG	4	0.117801	1	LOW	known	True	True	intergenic	ANKRD36B	ENSG00000196912.13	67968	2.98488	False
LNC_L00190	chr2	131686150	131722938	+	1	SRR31451020.49878	1	SRR31451020	LGG	4	0.0690844	1	LOW	known	False	True	intergenic	CCDC74A	ENSG00000163040.15	152485	11.2299	False
LNC_L00197	chr21	5116340	5124785	-	1	SRR31451038.53292	1	SRR31451038	GB	4	0.183242	1	LOW	novel	False	False	intergenic	LIPI	ENSG00000188992.12	8984028	0.463162	True
LNC_L00198	chr21	5131007	5133952	-	1	SRR31451030.16795	1	SRR31451030	GB	4	0.469621	1	LOW	novel	False	False	intergenic	LIPI	ENSG00000188992.12	8974861	0.463162	True
LNC_L00203	chr21	7430759	7469007	+	2	ENST00000624461.3,SRR31451025.111711-2	1	SRR31451025	LGG	3	0.268454	1	LOW	known	False	True	intergenic	TPTE	ENSG00000274391.5	3052546	0.0	True
LNC_L00206	chr21	8450143	8450899	+	1	SRR31451025.247683	1	SRR31451025	LGG	2	0.00990483	1	LOW	known	False	True	intergenic	TPTE	ENSG00000274391.5	2070654	0.0	True
LNC_L00221	chr3	40446545	40451784	-	1	SRR31451019.33745	1	SRR31451019	LGG	2	0.0110546	1	LOW	known	True	True	intergenic	ULK4	ENSG00000168038.11	794815	0.849011	True
LNC_L00229	chr3	147940009	148007127	+	3	ENST00000467198.1,ENST00000668118.1,SRR31451025.117481	1	SRR31451025	LGG	8	0.0270941	1	LOW	known	True	True	intergenic	ZIC1	ENSG00000152977.10	429717	426.022	False
LNC_L00244	chr5	176175548	176185151	-	1	SRR31451019.117457	1	SRR31451019	LGG	5	0.060108	1	LOW	known	True	True	intergenic	THOC3	ENSG00000051596.10	140869	13.8283	False
LNC_L00251	chr6	32552712	32554807	-	1	SRR31451029.157277	1	SRR31451029	GB	3	0.264276	1	LOW	known	False	True	intergenic	HLA-DRB5	ENSG00000198502.7	22426	43.0896	False
LNC_L00260	chr6	140845957	140858830	-	1	SRR31451019.42950	1	SRR31451019	LGG	3	0.0731678	1	LOW	known	True	True	intergenic	NMBR	ENSG00000135577.5	1199500	0.346281	True
LNC_L00273	chr7	54339134	54349847	+	1	SRR31451022.106311	1	SRR31451022	LGG	3	0.0394046	1	LOW	known	True	True	intergenic	VSTM2A	ENSG00000170419.11	192478	24.6921	False
LNC_L00280	chr7	72829489	72837376	+	2	ENST00000691023.2,SRR31451041.75317	1	SRR31451041	GB	6	0.174333	1	LOW	known	False	True	intergenic	POM121	ENSG00000196313.13	41973	22.231	False
LNC_L00291	chr7	90119413	90125600	+	1	SRR31451036.159257	1	SRR31451036	GB	2	0.0198531	1	LOW	known	True	True	intergenic	STEAP1	ENSG00000164647.9	28856	2.51622	False
LNC_L00294	chr7	100320912	100335984	-	4	ENST00000691424.1,ENST00000675162.3,SRR31451027.36179,ENST00000675836.2	1	SRR31451027	GB	28	0.0730875	1	LOW	known	True	True	antisense	ZCWPW1	ENSG00000078487.18	64842	14.3029	False
LNC_L00311	chr8	127890714	128101247	+	1	SRR31451024.34954	1	SRR31451024	LGG	4	0.102697	1	LOW	known	True	True	intergenic	MYC	ENSG00000136997.22	147764	3.30535	False
LNC_L00312	chr8	143043192	143047791	+	1	SRR31451029.26996	1	SRR31451029	GB	3	0.117885	1	LOW	known	True	True	antisense	LY6E	ENSG00000160932.11	19361	120.229	False
LNC_L00315	chr9	40992311	41057109	+	1	SRR31451020.248540	1	SRR31451020	LGG	5	0.0464574	1	LOW	known	True	True	intergenic	SPATA31A6	ENSG00000185775.10	1126550	0.0178093	True
LNC_L00319	chr9	63299343	63326853	-	1	SRR31451021.80505	1	SRR31451021	LGG	3	0.136474	1	LOW	known	True	True	intergenic	FOXD4L5	ENSG00000204779.2	1955248	0.03167	True
LNC_L00320	chr9	65287557	65323015	-	2	SRR31451027.223079,ENST00000445695.1	1	SRR31451027	GB	9	0.102681	1	LOW	novel	False	False	intergenic	FOXD4L5	ENSG00000204779.2	2349	0.03167	True
LNC_L00324	chr9	129488845	129505125	+	2	ENST00000663000.1,SRR31451022.61721	1	SRR31451022	LGG	3	0.0316561	1	LOW	known	True	True	intergenic	NTMT1	ENSG00000148335.15	103759	12.7459	False
LNC_L00022	chr1	120488858	120491670	-	1	SRR31451019.100375	1	SRR31451019	LGG	2	0.0451561	0	LOW	novel	False	False	intergenic	SEC22B	ENSG00000265808.4	312339	13.1957	False
LNC_L00024	chr1	121094929	121096307	+	1	SRR31451033.10090	1	SRR31451033	GB	2	0.151962	0	LOW	known	False	True	intergenic	SRGAP2C	ENSG00000171943.12	88504	25.93	False
LNC_L00062	chr11	124805266	124809506	+	1	SRR31451025.21895	1	SRR31451025	LGG	2	0.0319727	0	LOW	known	True	True	intergenic	ROBO3	ENSG00000154134.15	55926	11.0442	False
LNC_L00076	chr12	93542462	93545212	-	1	SRR31451025.73105	1	SRR31451025	LGG	2	0.0685341	0	LOW	known	True	True	intergenic	UBE2N	ENSG00000177889.10	100516	62.9602	False
LNC_L00079	chr12	132104561	132108714	+	1	SRR31451031.29337	1	SRR31451031	GB	2	0.17801	0	LOW	known	False	True	intergenic	EP400	ENSG00000183495.15	24102	27.8964	False
LNC_L00091	chr14	72661268	72670422	-	1	SRR31451017.40560	1	SRR31451017	GB	2	0.161652	0	LOW	novel	False	False	intronic_sense	DPF3	ENSG00000205683.12	0	18.6322	False
LNC_L00097	chr14	105769101	105769896	-	1	SRR31451018.30252	1	SRR31451018	LGG	2	0.283933	0	LOW	known	True	False	intergenic	BRF1	ENSG00000185024.18	453513	33.5659	False
LNC_L00098	chr14	105854219	105855174	-	1	SRR31451020.220171	1	SRR31451020	LGG	2	0.407134	0	LOW	known	True	False	intergenic	BRF1	ENSG00000185024.18	538631	33.5659	False
LNC_L00102	chr15	28673346	28685264	+	1	SRR31451025.263086	1	SRR31451025	LGG	2	0.181529	0	LOW	known	False	True	intergenic	GOLGA6L25	ENSG00000227717.5	109568	0.0	True
LNC_L00123	chr17	20843815	20844479	+	1	SRR31451020.51011	1	SRR31451020	LGG	2	0.0511703	0	LOW	novel	False	False	intergenic	CDRT15L2	ENSG00000214819.2	262905	0.606823	True
LNC_L00151	chr19	8374372	8377069	-	1	SRR31451021.127818	1	SRR31451021	LGG	2	0.0559211	0	LOW	known	True	True	intergenic	KANK3	ENSG00000186994.12	31111	7.47159	False
LNC_L00154	chr19	21505897	21519532	+	1	SRR31451022.28991	1	SRR31451022	LGG	2	0.0347171	0	LOW	novel	False	False	intronic_sense	ZNF429	ENSG00000197013.11	0	6.56561	False
LNC_L00166	chr19	58586262	58599435	+	1	SRR31451027.246477	1	SRR31451027	GB	2	0.178324	0	LOW	known	True	True	intergenic	TRIM28	ENSG00000130726.12	35541	180.369	False
LNC_L00173	chr2	74148286	74150497	+	1	SRR31451020.310417	1	SRR31451020	LGG	2	0.302096	0	LOW	known	True	True	intergenic	MTHFD2	ENSG00000065911.13	35675	11.0187	False
LNC_L00189	chr2	131469808	131472184	-	1	SRR31451030.24149	1	SRR31451030	GB	2	0.357575	0	LOW	novel	False	False	intronic_sense	MZT2A	ENSG00000173272.16	0	68.5714	False
LNC_L00193	chr2	176789223	176819180	+	1	SRR31451025.74241	1	SRR31451025	LGG	2	0.262424	0	LOW	known	True	True	intergenic	HNRNPA3	ENSG00000170144.22	393514	207.919	False
LNC_L00196	chr2	241808311	241810637	-	1	SRR31451024.100285	1	SRR31451024	LGG	2	0.0209289	0	LOW	known	False	True	antisense	PDCD1	ENSG00000188389.11	39247	0.46596	True
LNC_L00201	chr21	6721922	6725209	+	1	SRR31451028.112388	1	SRR31451028	GB	2	0.0225403	0	LOW	known	True	True	intergenic	TPTE	ENSG00000274391.5	3796344	0.0	True
LNC_L00214	chr3	9939292	9941429	-	1	SRR31451025.357489	1	SRR31451025	LGG	2	0.0465537	0	LOW	novel	False	False	intronic_sense	PRRT3	ENSG00000163704.13	0	25.3466	False
LNC_L00220	chr3	39522542	39525801	+	1	SRR31451039.2928	1	SRR31451039	GB	2	0.02326	0	LOW	known	True	False	intronic_sense	MOBP	ENSG00000168314.19	0	1389.8	False
LNC_L00224	chr3	75624377	75630161	-	1	SRR31451025.84358	1	SRR31451025	LGG	2	0.158455	0	LOW	novel	False	False	intergenic	ZNF717	ENSG00000227124.11	48499	1.99286	False
LNC_L00227	chr3	126180063	126210166	+	2	SRR31451031.18579,ENST00000500232.3	1	SRR31451031	GB	2	0.0717569	0	LOW	known	True	True	antisense	CFAP100	ENSG00000163885.12	184743	2.02349	False
LNC_L00256	chr6	70857212	70858657	+	1	SRR31451039.103159	1	SRR31451039	GB	2	0.0275556	0	LOW	novel	False	False	intronic_sense	SMAP1	ENSG00000112305.15	0	10.1574	False
LNC_L00299	chr7	151360436	151361237	+	1	SRR31451027.110173	1	SRR31451027	GB	2	0.0704413	0	LOW	novel	False	False	intronic_sense	NUB1	ENSG00000013374.17	0	34.4275	False
LNC_L00301	chr7	159017594	159020685	+	1	SRR31451029.68487	1	SRR31451029	GB	2	0.0973752	0	LOW	known	True	True	intergenic	DYNC2I1	ENSG00000126870.16	60848	27.8821	False
LNC_L00325	chr9	136612027	136612906	-	1	SRR31451025.275175	1	SRR31451025	LGG	2	0.0368034	0	LOW	known	True	True	intergenic	AGPAT2	ENSG00000169692.14	60237	20.1612	False
LNC_L00328	chrX	15692977	15703724	+	1	SRR31451034.22113	1	SRR31451034	GB	2	0.0435139	0	LOW	known	True	True	intronic_sense	CA5B	ENSG00000169239.14	0	4.38211	False
LNC_L00330	chrX	73820671	73827059	-	1	SRR31451031.120503	1	SRR31451031	GB	2	0.0808947	0	LOW	known	True	True	intergenic	NAP1L2	ENSG00000186462.9	605821	161.149	False
LNC_L00334	chrX	149769759	149772818	+	1	SRR31451017.174138	1	SRR31451017	GB	2	0.356761	0	LOW	known	True	False	intergenic	HSFX1	ENSG00000171116.7	1250	0.507274	True
LNC_L00002	chr1	1399563	1402043	+	1	ENST00000448629.8	0			9	0.0684216	1	LOW	known	True	True	antisense	TMEM88B	ENSG00000205116.4	23828	68.1565	False
LNC_L00007	chr1	28578537	28581857	-	3	ENST00000650259.1,ENST00000648127.1,ENST00000692541.1	0			12	0.06183	1	LOW	known	True	True	antisense	TAF12	ENSG00000120656.14	5972	12.8978	False
LNC_L00008	chr1	30824271	30834102	+	1	ENST00000671661.1	0			3	0.123508	1	LOW	known	True	True	intergenic	ZCCHC17	ENSG00000121766.16	462880	128.307	False
LNC_L00009	chr1	35176377	35179633	-	2	ENST00000468598.5,ENST00000466213.5	0			39	0.111687	1	LOW	known	True	False	intronic_sense	SFPQ	ENSG00000116560.12	0	181.141	False
LNC_L00010	chr1	37133488	37136146	+	1	ENST00000642067.1	0			6	0.263129	1	LOW	known	True	True	intergenic	ZC3H12A	ENSG00000163874.11	338434	3.46409	False
LNC_L00014	chr1	70354797	70368023	+	3	ENST00000361764.9,ENST00000463058.7,ENST00000359875.10	0			9	0.0272815	1	LOW	known	False	True	intergenic	CTH	ENSG00000116761.12	43195	4.69084	False
LNC_L00015	chr1	89631875	89632684	-	1	ENST00000528692.1	0			2	0.0162582	1	LOW	known	True	True	intergenic	GBP5	ENSG00000154451.15	359016	0.742849	True
LNC_L00016	chr1	90782983	90851618	-	1	ENST00000659034.3	0			3	0.145197	1	LOW	known	True	True	intergenic	ZNF644	ENSG00000122482.22	63680	14.3242	False
LNC_L00019	chr1	111739967	111747515	+	1	ENST00000658759.1	0			3	0.0315278	1	LOW	known	True	True	antisense	DDX20	ENSG00000064703.13	7317	9.1777	False
LNC_L00021	chr1	120267336	120342004	-	1	ENST00000617318.4	0			4	0.0720674	1	LOW	known	True	True	intergenic	SEC22B	ENSG00000265808.4	90817	13.1957	False
LNC_L00023	chr1	120913327	120953460	+	1	ENST00000621058.5	0			3	0.0249807	1	LOW	known	True	True	intergenic	PPIAL4A	ENSG00000263353.4	22798	0.170497	True
LNC_L00026	chr1	144227028	144250288	-	1	ENST00000452399.6	0			3	0.0346167	1	LOW	known	False	True	intergenic	PPIAL4E	ENSG00000271567.2	122587	0.103257	True
LNC_L00028	chr1	146387201	146388092	+	1	ENST00000660431.1	0			2	0.0144531	1	LOW	known	False	True	intergenic	POLR3GL	ENSG00000121851.13	408354	55.4091	False
LNC_L00029	chr1	148208259	148246683	-	1	ENST00000629702.3	0			4	0.0843078	1	LOW	known	True	True	intergenic	NBPF11	ENSG00000263956.8	55938	6.1285	False
LNC_L00030	chr1	148432959	148459757	-	1	ENST00000613452.1	0			3	0.180061	1	LOW	known	True	True	intergenic	PPIAL4G	ENSG00000236334.3	22791	0.0441146	True
LNC_L00031	chr1	149175943	149251066	+	1	ENST00000668239.1	0			6	0.0983135	1	LOW	known	False	True	intergenic	PDE4DIP	ENSG00000178104.22	127658	31.6796	False
LNC_L00049	chr11	10858216	10879274	+	1	ENST00000664276.1	0			6	0.0941613	1	LOW	known	True	True	antisense	CTR9	ENSG00000198730.10	56592	24.1065	False
LNC_L00050	chr11	35915050	35918739	-	1	ENST00000531569.1	0			12	0.0334354	1	LOW	known	True	True	intergenic	COMMD9	ENSG00000110442.12	350545	14.4182	False
LNC_L00058	chr11	110355428	110407609	+	1	ENST00000526605.6	0			3	0.0579079	1	LOW	known	True	True	intergenic	FDX1	ENSG00000137714.3	22339	9.69879	False
LNC_L00060	chr11	112959328	112963408	-	1	ENST00000500537.2	0			3	0.0468094	1	LOW	known	True	True	antisense	DRD2	ENSG00000149295.14	446197	51.9149	False
LNC_L00063	chr11	131662148	131663576	-	1	ENST00000416725.3	0			2	0.0139136	1	LOW	known	True	True	antisense	SNX19	ENSG00000120451.11	745670	32.2412	False
LNC_L00065	chr12	2668621	2672333	-	1	ENST00000545526.1	0			2	0.0188295	1	LOW	known	True	True	antisense	NRIP2	ENSG00000053702.15	153015	131.78	False
LNC_L00069	chr12	47205897	47216444	-	3	ENST00000552975.6,ENST00000702774.1,ENST00000702204.1	0			4	0.0211304	1	LOW	known	True	True	antisense	AMIGO2	ENSG00000139211.7	125939	7.84121	False
LNC_L00070	chr12	53038966	53046878	-	1	ENST00000546566.7	0			4	0.0414252	1	LOW	known	True	True	antisense	SPRYD3	ENSG00000167778.9	17438	208.224	False
LNC_L00071	chr12	54126190	54132843	+	1	ENST00000508564.1	0			18	0.354629	1	LOW	known	True	True	antisense	HOXC4	ENSG00000198353.8	70161	4.45381	False
LNC_L00072	chr12	55830922	55836244	+	2	ENST00000637951.1,ENST00000487582.1	0			4	0.276592	1	LOW	known	True	False	antisense	ORMDL2	ENSG00000123353.10	9044	17.1533	False
LNC_L00074	chr12	57931527	57936155	-	2	ENST00000667438.1,ENST00000659090.1	0			51	0.0297583	1	LOW	known	True	True	antisense	CTDSP2	ENSG00000175215.11	84799	156.465	False
LNC_L00075	chr12	70242305	70243656	-	2	ENST00000549651.1,ENST00000553135.3	0			4	0.0234356	1	LOW	known	True	True	antisense	PTPRB	ENSG00000127329.16	272214	8.42006	False
LNC_L00077	chr12	111839782	111841897	-	2	ENST00000442119.7,ENST00000456429.6	0			3	0.0731481	1	LOW	known	True	True	intergenic	TMEM116	ENSG00000198270.13	89385	6.76605	False
LNC_L00078	chr12	120491016	120495932	-	1	ENST00000500741.2	0			4	0.0864235	1	LOW	known	True	True	intronic_sense	SRSF9	ENSG00000111786.10	0	112.722	False
LNC_L00081	chr13	50082294	50105297	+	3	ENST00000469754.3,ENST00000655550.1,ENST00000659280.2	0			6	0.0461432	1	LOW	known	True	True	intergenic	KCNRG	ENSG00000198553.9	61373	2.16714	False
LNC_L00084	chr13	94712715	94715940	+	1	ENST00000438290.2	0			6	0.058557	1	LOW	known	True	True	intergenic	GPR180	ENSG00000152749.8	78055	9.82431	False
LNC_L00085	chr13	110035141	110057306	-	2	ENST00000617298.1,ENST00000659867.1	0			4	0.0224345	1	LOW	known	True	True	intergenic	COL4A1	ENSG00000187498.17	91657	6.00593	False
LNC_L00089	chr14	24271200	24298861	+	1	ENST00000669726.3	0			2	0.0117173	1	LOW	known	True	True	antisense	NOP9	ENSG00000196943.14	989	18.1889	False
LNC_L00093	chr14	95532913	95534586	-	1	ENST00000554169.3	0			4	0.0808	1	LOW	known	True	True	antisense	SYNE3	ENSG00000176438.13	16264	4.03728	False
LNC_L00094	chr14	100826134	100847285	+	1	ENST00000522771.9	0			7	0.19968	1	LOW	known	True	True	intergenic	DLK1	ENSG00000185559.16	87911	20.7105	False
LNC_L00095	chr14	101557303	101561331	-	1	ENST00000554441.7	0			4	0.264778	1	LOW	known	True	True	antisense	HSP90AA1	ENSG00000080824.19	519411	724.606	False
LNC_L00103	chr15	44534526	44536640	-	1	ENST00000313807.5	0			6	0.0422837	1	LOW	known	True	True	intergenic	SPG11	ENSG00000104133.16	18178	12.9858	False
LNC_L00105	chr15	82750583	82757206	+	1	ENST00000559366.1	0			5	0.0274597	1	LOW	known	True	True	antisense	WHAMM	ENSG00000156232.7	52422	13.7676	False
LNC_L00106	chr15	89368140	89396413	+	1	ENST00000654079.1	0			6	0.304044	1	LOW	known	True	True	intergenic	FANCI	ENSG00000140525.20	50880	2.93974	False
LNC_L00110	chr16	975772	979814	-	1	ENST00000655952.2	0			3	0.108186	1	LOW	known	True	True	intronic_sense	LMF1	ENSG00000103227.19	0	11.8835	False
LNC_L00116	chr17	1711518	1716206	-	1	ENST00000690262.2	0			3	0.0357441	1	LOW	known	True	True	intergenic	TLCD2	ENSG00000185561.10	1142	0.741494	True
LNC_L00118	chr17	7001984	7012317	-	1	ENST00000399540.2	0			3	0.102965	1	LOW	known	True	True	antisense	SLC16A11	ENSG00000174326.15	29304	4.64568	False
LNC_L00124	chr17	21075586	21092351	+	1	ENST00000656070.1	0			4	0.0947125	1	LOW	known	True	True	intergenic	DHRS7B	ENSG00000109016.18	31013	12.0589	False
LNC_L00128	chr17	40819178	40835082	+	2	ENST00000301665.9,ENST00000670968.1	0			3	0.148423	1	LOW	known	False	True	antisense	KRTAP4-7	ENSG00000240871.7	249068	0.0	True
LNC_L00130	chr17	46193567	46196723	+	1	ENST00000398275.6	0			10	0.0288541	1	LOW	known	True	True	antisense	LRRC37A	ENSG00000176681.15	96010	1.09895	False
LNC_L00132	chr17	47891260	47895792	-	1	ENST00000691236.2	0			12	0.0807156	1	LOW	known	True	True	intergenic	SP6	ENSG00000189120.5	35387	1.52538	False
LNC_L00138	chr17	68101870	68127921	+	1	ENST00000692407.1	0			5	0.175013	1	LOW	known	True	True	intergenic	KPNA2	ENSG00000182481.10	54507	25.2459	False
LNC_L00141	chr17	76557777	76564687	+	2	ENST00000670737.3,ENST00000661348.3	0			12	0.031584	1	LOW	known	True	True	antisense	PRCD	ENSG00000214140.11	4200	21.0379	False
LNC_L00142	chr18	649619	658334	-	2	ENST00000688530.2,ENST00000323813.5	0			8	0.0901473	1	LOW	known	True	True	antisense	ENOSF1	ENSG00000132199.20	11984	12.6544	False
LNC_L00144	chr18	5238600	5246788	+	1	ENST00000582008.6	0			3	0.0907702	1	LOW	known	True	True	intergenic	ARHGAP28	ENSG00000088756.13	1482928	0.501784	True
LNC_L00146	chr18	35290323	35306319	+	2	ENST00000399070.3,ENST00000465539.3	0			3	0.126379	1	LOW	novel	False	False	intergenic	ZNF397	ENSG00000186812.13	23191	10.9131	False
LNC_L00148	chr18	72868936	72881355	+	1	ENST00000687839.2	0			2	0.00472737	1	LOW	known	True	True	intergenic	TIMM21	ENSG00000075336.12	1267168	14.4647	False
LNC_L00149	chr18	74591820	74598583	-	2	ENST00000581192.1,ENST00000580048.1	0			4	0.0698037	1	LOW	known	True	True	antisense	DIPK1C	ENSG00000187773.9	133877	15.869	False
LNC_L00155	chr19	27730261	27793891	-	2	ENST00000661680.2,ENST00000657659.2	0			12	0.0548709	1	LOW	known	True	True	intergenic	UQCRFS1	ENSG00000169021.6	1411429	51.672	False
LNC_L00158	chr19	47484307	47495322	+	1	ENST00000593284.5	0			3	0.0696044	1	LOW	known	True	True	antisense	DHX34	ENSG00000134815.19	101604	22.2114	False
LNC_L00161	chr19	51594560	51601788	+	1	ENST00000598755.1	0			6	0.222392	1	LOW	known	True	True	intergenic	ZNF175	ENSG00000105497.8	2051	13.2484	False
LNC_L00163	chr19	56477873	56495437	+	9	ENST00000586822.3,ENST00000654200.1,ENST00000691191.1,ENST00000585445.1,ENST00000669162.2,ENST00000592146.4,ENST00000685306.1,ENST00000586091.8,ENST00000693493.2	0			21	0.0345183	1	LOW	known	True	True	antisense	ZNF471	ENSG00000196263.8	12413	17.2081	False
LNC_L00164	chr19	56765332	56799632	+	1	ENST00000652407.1	0			3	0.0422662	1	LOW	known	True	True	antisense	SMIM17	ENSG00000268182.6	108086	8.29767	False
LNC_L00168	chr2	3558467	3561553	+	2	ENST00000426725.3,ENST00000664922.3	0			4	0.0283497	1	LOW	known	True	True	intergenic	RPS7	ENSG00000171863.15	13707	581.496	False
LNC_L00170	chr2	61177427	61186912	+	2	ENST00000394457.7,ENST00000471542.5	0			24	0.172763	1	LOW	novel	False	False	intergenic	C2orf74	ENSG00000237651.8	12600	44.7058	False
LNC_L00174	chr2	87455495	87521503	+	1	ENST00000331944.10	0			22	0.125585	1	LOW	known	True	True	intergenic	PLGLB2	ENSG00000125551.19	226584	0.323721	True
LNC_L00177	chr2	91617156	91659981	-	3	ENST00000692653.2,ENST00000609777.7,ENST00000689711.2	0			15	0.0361599	1	LOW	known	True	True	intergenic	EIF2AK3	ENSG00000172071.15	2925639	8.83725	False
LNC_L00181	chr2	104434392	104512752	+	1	ENST00000666200.1	0			4	0.0942104	1	LOW	known	True	True	intergenic	POU3F3	ENSG00000198914.5	340535	48.2506	False
LNC_L00184	chr2	111429317	111495039	-	2	ENST00000409569.2,ENST00000674045.1	0			28	0.0272526	1	LOW	known	True	True	intergenic	ANAPC1	ENSG00000153107.13	116600	5.81939	False
LNC_L00186	chr2	113611364	113627090	-	2	ENST00000391616.3,ENST00000416673.6	0			9	0.0661855	1	LOW	known	True	False	intergenic	SLC35F5	ENSG00000115084.15	77921	8.62991	False
LNC_L00188	chr2	130416754	130427742	-	1	ENST00000423905.5	0			5	0.0364453	1	LOW	known	True	True	intergenic	POTEI	ENSG00000196834.14	31713	0.0103782	True
LNC_L00194	chr2	206084604	206086863	+	1	ENST00000420509.1	0			4	0.0235978	1	LOW	known	True	True	antisense	EEF1B2	ENSG00000114942.15	72722	346.86	False
LNC_L00199	chr21	6228966	6267275	-	1	ENST00000617746.4	0			3	0.310352	1	LOW	known	True	True	intergenic	LIPI	ENSG00000188992.12	7841538	0.463162	True
LNC_L00202	chr21	6994373	6997699	-	1	ENST00000624728.1	0			3	0.0424996	1	LOW	known	False	True	intergenic	LIPI	ENSG00000188992.12	7111114	0.463162	True
LNC_L00204	chr21	7669396	7675566	-	1	ENST00000623190.1	0			6	0.0489996	1	LOW	known	True	True	intergenic	LIPI	ENSG00000188992.12	6433247	0.463162	True
LNC_L00208	chr21	9076447	9129750	-	1	ENST00000691834.1	0			6	0.0945038	1	LOW	known	False	True	intergenic	LIPI	ENSG00000188992.12	4979063	0.463162	True
LNC_L00209	chr21	16594347	16607137	+	1	ENST00000667777.1	0			2	0.0148149	1	LOW	known	True	True	intergenic	USP25	ENSG00000155313.16	714284	15.8317	False
LNC_L00211	chr21	34745755	34782884	+	1	ENST00000420877.2	0			3	0.235444	1	LOW	known	True	True	intergenic	CLIC6	ENSG00000159212.13	27529	2.29994	False
LNC_L00215	chr3	9947403	9954787	+	1	ENST00000431558.1	0			4	0.213795	1	LOW	known	False	True	antisense	CRELD1	ENSG00000163703.20	1991	112.152	False
LNC_L00216	chr3	10017489	10026371	-	1	ENST00000424691.2	0			12	0.263971	1	LOW	known	True	True	antisense	EMC3	ENSG00000125037.13	6288	34.0707	False
LNC_L00222	chr3	42632427	42654388	-	1	ENST00000434363.3	0			4	0.0257287	1	LOW	known	True	True	antisense	SEC22C	ENSG00000093183.14	31348	24.9666	False
LNC_L00223	chr3	75421773	75435110	-	2	ENST00000692276.1,ENST00000478666.6	0			10	0.0559208	1	LOW	known	True	True	intergenic	ZNF717	ENSG00000227124.11	243550	1.99286	False
LNC_L00225	chr3	75672371	75679300	+	1	ENST00000665741.1	0			4	0.45605	1	LOW	known	True	True	antisense	FRG2C	ENSG00000172969.8	5152	0.0414572	True
LNC_L00226	chr3	126084219	126086372	+	1	ENST00000511301.1	0			2	0.00808419	1	LOW	known	True	True	antisense	ROPN1B	ENSG00000114547.10	100766	1.25151	False
LNC_L00228	chr3	136842190	136862054	-	2	ENST00000461864.7,ENST00000670711.1	0			3	0.0553018	1	LOW	known	True	True	antisense	STAG1	ENSG00000118007.13	89788	15.3768	False
LNC_L00230	chr3	181610608	181742470	+	4	ENST00000657986.1,ENST00000476964.6,ENST00000645583.2,ENST00000477928.1	0			12	0.0246484	1	LOW	known	True	True	intronic_sense	SOX2	ENSG00000181449.4	0	69.7693	False
LNC_L00232	chr3	191568743	191590047	+	1	ENST00000655253.1	0			3	0.0313843	1	LOW	known	True	True	intergenic	PYDC2	ENSG00000253548.1	107288	0.0	True
LNC_L00233	chr3	194584010	194590249	+	1	ENST00000447982.8	0			4	0.0664419	1	LOW	known	True	True	antisense	FAM43A	ENSG00000185112.6	95634	11.7601	False
LNC_L00236	chr5	1628515	1633947	-	2	ENST00000689007.2,ENST00000690916.2	0			6	0.0249199	1	LOW	known	True	True	intergenic	LPCAT1	ENSG00000153395.10	104554	37.4225	False
LNC_L00237	chr5	42985422	42992824	-	1	ENST00000659142.2	0			4	0.0414908	1	LOW	known	True	True	intergenic	ANXA2R	ENSG00000177721.5	46409	1.09992	False
LNC_L00238	chr5	43572304	43602858	-	1	ENST00000513560.7	0			3	0.0512359	1	LOW	known	True	True	antisense	PAIP1	ENSG00000172239.14	14547	35.2504	False
LNC_L00239	chr5	78358797	78360414	-	1	ENST00000421004.4	0			6	0.0480016	1	LOW	known	True	True	intergenic	AP3B1	ENSG00000132842.15	64036	12.2484	False
LNC_L00240	chr5	82850311	82859958	-	1	ENST00000654717.2	0			3	0.214056	1	LOW	known	True	True	intergenic	TMEM167A	ENSG00000174695.10	192888	45.3867	False
LNC_L00241	chr5	88540726	88673318	-	2	ENST00000665865.1,ENST00000505030.6	0			12	0.0265364	1	LOW	known	True	True	intergenic	MEF2C	ENSG00000081189.17	43799	61.0147	False
LNC_L00243	chr5	127965887	128083011	-	1	ENST00000689029.1	0			3	0.0240359	1	LOW	known	True	True	intergenic	FBN2	ENSG00000138829.14	174898	0.26627	True
LNC_L00245	chr6	24976418	24977175	+	1	ENST00000414949.2	0			8	0.454861	1	LOW	novel	False	False	antisense	GMNN	ENSG00000112312.10	190320	19.7853	False
LNC_L00246	chr6	28122454	28136821	-	1	ENST00000602810.2	0			36	0.0267925	1	LOW	known	True	True	antisense	OR2B8P	ENSG00000182477.5	68290	0.0716956	True
LNC_L00255	chr6	52577480	52583993	+	1	ENST00000663931.1	0			6	0.0655936	1	LOW	known	True	True	intergenic	EFHC1	ENSG00000096093.16	47595	4.36217	False
LNC_L00262	chr7	7271407	7278071	+	1	ENST00000447039.1	0			2	0.0146045	1	LOW	known	True	True	intergenic	C1GALT1	ENSG00000106392.11	22792	17.19	False
LNC_L00264	chr7	15688395	15696891	+	1	ENST00000663069.3	0			6	0.116435	1	LOW	known	True	True	intergenic	LRRC72	ENSG00000205858.10	829934	0.0416538	True
LNC_L00265	chr7	26370919	26376701	-	1	ENST00000451368.1	0			26	0.23373	1	LOW	known	True	True	antisense	HNRNPA2B1	ENSG00000122566.22	169391	661.842	False
LNC_L00266	chr7	26398828	26400822	+	1	ENST00000449537.1	0			2	0.013977	1	LOW	known	True	True	intergenic	SNX10	ENSG00000086300.17	24446	60.7885	False
LNC_L00267	chr7	27096123	27100265	+	3	ENST00000425358.2,ENST00000434063.3,ENST00000429611.7	0			12	0.0405268	1	LOW	known	True	True	intergenic	EVX1	ENSG00000106038.13	142435	0.0315264	True
LNC_L00270	chr7	33793775	33803171	-	2	ENST00000420185.1,ENST00000669134.2	0			4	0.0363659	1	LOW	known	True	True	antisense	RP9	ENSG00000164610.10	684371	23.5664	False
LNC_L00271	chr7	35716436	35719708	+	3	ENST00000659906.1,ENST00000653933.1,ENST00000458087.3	0			8	0.0318207	1	LOW	known	True	True	intergenic	SEPTIN7	ENSG00000122545.22	81224	164.287	False
LNC_L00274	chr7	54759329	54767245	+	1	ENST00000701428.1	0			2	0.0121139	1	LOW	known	True	True	antisense	VSTM2A	ENSG00000170419.11	188250	24.6921	False
LNC_L00276	chr7	66493715	66495470	+	1	ENST00000452565.1	0			4	0.025204	1	LOW	known	True	True	intergenic	TPST1	ENSG00000169902.15	73173	22.5466	False
LNC_L00288	chr7	77683850	77696255	-	3	ENST00000654794.2,ENST00000663654.3,ENST00000687850.2	0			4	0.0380648	1	LOW	known	True	True	intergenic	TMEM60	ENSG00000135211.6	97473	17.2811	False
LNC_L00297	chr7	143811970	143836716	-	1	ENST00000481651.3	0			4	0.0222772	1	LOW	known	True	True	intergenic	TCAF1	ENSG00000198420.10	14659	19.6222	False
LNC_L00298	chr7	149867772	149873480	-	1	ENST00000488315.5	0			6	0.278423	1	LOW	known	True	True	antisense	ZNF467	ENSG00000181444.13	94185	11.5231	False
LNC_L00304	chr8	57746128	57748223	+	1	ENST00000518934.2	0			8	0.0382651	1	LOW	known	True	True	intergenic	FAM110B	ENSG00000169122.12	246300	28.0861	False
LNC_L00306	chr8	76610882	76683156	-	1	ENST00000518143.2	0			5	0.0668227	1	LOW	known	True	True	antisense	PEX2	ENSG00000164751.15	297102	14.8845	False
LNC_L00314	chr9	39803480	39809911	-	1	ENST00000667968.2	0			3	0.419167	1	LOW	known	True	True	intergenic	CNTNAP3	ENSG00000106714.18	515166	1.92683	False
LNC_L00316	chr9	62376516	62435091	+	1	ENST00000377614.7	0			3	0.153669	1	LOW	known	True	True	intergenic	CNTNAP3C	ENSG00000283378.1	923487	0.0617282	True
LNC_L00318	chr9	62888534	62890923	+	1	ENST00000402994.2	0			4	0.117704	1	LOW	known	True	False	intergenic	CNTNAP3C	ENSG00000283378.1	1435505	0.0617282	True
LNC_L00322	chr9	128724434	128733199	+	1	ENST00000443631.2	0			6	0.0338063	1	LOW	known	True	True	antisense	PKN3	ENSG00000160447.7	3519	23.2775	False
LNC_L00335	chrX	154424383	154428468	-	1	ENST00000360656.4	0			4	0.0290957	1	LOW	known	True	True	intergenic	DNASE1L1	ENSG00000013563.14	12272	7.98087	False
LNC_L00003	chr1	9425093	9428960	-	1	ENST00000641325.1	0			2	0.131066	0	LOW	known	True	True	intergenic	GPR157	ENSG00000180758.12	295992	0.442638	True
LNC_L00004	chr1	11099845	11102102	+	1	ENST00000447600.1	0			2	0.122891	0	LOW	known	True	True	antisense	TARDBP	ENSG00000120948.19	69318	114.938	False
LNC_L00006	chr1	16888546	16889495	-	1	ENST00000660464.3	0			2	0.0248244	0	LOW	known	True	True	antisense	MFAP2	ENSG00000117122.14	85007	0.183122	True
LNC_L00011	chr1	38859911	38876226	+	1	ENST00000456813.3	0			2	0.193547	0	LOW	known	True	True	antisense	AKIRIN1	ENSG00000174574.16	115050	69.9504	False
LNC_L00018	chr1	101025877	101087265	+	1	ENST00000654574.3	0			2	0.153002	0	LOW	known	True	True	antisense	SLC30A7	ENSG00000162695.12	44121	5.77601	False
LNC_L00034	chr1	151346937	151347877	+	1	ENST00000455503.2	0			2	0.0701284	0	LOW	known	True	True	antisense	PSMB4	ENSG00000159377.11	51683	319.935	False
LNC_L00043	chr1	205890767	205895839	+	1	ENST00000653906.1	0			2	0.146801	0	LOW	known	True	True	intergenic	RHEX	ENSG00000263961.8	157334	0.0340238	True
LNC_L00044	chr1	210231455	210233868	-	1	ENST00000437764.5	0			2	0.0977153	0	LOW	known	True	True	antisense	ENSG00000289700	ENSG00000289700.1	425277		False
LNC_L00052	chr11	65455285	65456871	+	1	ENST00000685970.1	0			2	0.023287	0	LOW	known	True	True	intergenic	FRMD8	ENSG00000126391.14	41761	20.9409	False
LNC_L00053	chr11	65502188	65503630	+	1	ENST00000508832.3	0			2	0.0245416	0	LOW	known	True	True	intergenic	SCYL1	ENSG00000142186.18	21447	88.0878	False
LNC_L00054	chr11	66474249	66480231	-	1	ENST00000690327.2	0			2	0.025644	0	LOW	known	True	True	antisense	MRPL11	ENSG00000174547.13	7512	18.9622	False
LNC_L00055	chr11	71448721	71452157	+	1	ENST00000529369.2	0			2	0.132188	0	LOW	known	True	True	antisense	NADSYN1	ENSG00000172890.13	952	20.3074	False
LNC_L00082	chr13	57631285	57633153	-	1	ENST00000610846.1	0			2	0.0507248	0	LOW	known	False	True	antisense	DIAPH3	ENSG00000139734.19	2032430	0.839135	True
LNC_L00090	chr14	58265381	58274114	-	1	ENST00000654187.2	0			2	0.0325205	0	LOW	known	True	True	intronic_sense	ARMH4	ENSG00000139971.15	0	2.61219	False
LNC_L00129	chr17	45843873	45895625	-	1	ENST00000579244.1	0			2	0.0221782	0	LOW	known	True	True	antisense	KANSL1	ENSG00000120071.15	134291	30.3753	False
LNC_L00131	chr17	47081412	47100239	-	1	ENST00000574741.1	0			2	0.32745	0	LOW	known	True	True	intergenic	CDC27	ENSG00000004897.12	17464	24.9685	False
LNC_L00133	chr17	50158332	50161276	-	1	ENST00000523083.1	0			2	0.159053	0	LOW	known	True	True	intergenic	PPP1R9B	ENSG00000108819.11	7656	176.769	False
LNC_L00136	chr17	62704550	62737884	+	1	ENST00000655517.1	0			2	0.123149	0	LOW	known	False	True	antisense	MRC2	ENSG00000011028.14	10954	11.6854	False
LNC_L00145	chr18	6462151	6463010	-	1	ENST00000583065.1	0			2	0.234666	0	LOW	novel	False	False	intergenic	L3MBTL4	ENSG00000154655.16	46915	1.50561	False
LNC_L00152	chr19	9538738	9539581	+	1	ENST00000619671.1	0			2	0.0878166	0	LOW	known	True	True	intergenic	ZNF559-ZNF177	ENSG00000270011.9	156122	2.14681	False
LNC_L00175	chr2	89142573	89143160	-	1	ENST00000492167.1	0			2	0.0616055	0	LOW	known	True	False	intergenic	EIF2AK3	ENSG00000172071.15	451056	8.83725	False
LNC_L00176	chr2	89268000	89268506	-	1	ENST00000473726.1	0			2	0.0538812	0	LOW	known	True	False	intergenic	EIF2AK3	ENSG00000172071.15	576483	8.83725	False
LNC_L00187	chr2	121649682	121651293	+	1	ENST00000413904.6	0			2	0.0463162	0	LOW	known	True	True	intergenic	TSN	ENSG00000211460.12	85810	43.5292	False
LNC_L00218	chr3	14942783	14947248	-	1	ENST00000424349.1	0			2	0.0457096	0	LOW	known	True	True	intergenic	MRPS25	ENSG00000131368.9	62363	69.074	False
LNC_L00219	chr3	15258227	15264452	+	1	ENST00000655760.1	0			2	0.0494306	0	LOW	known	False	True	antisense	CAPN7	ENSG00000131375.10	5312	27.7537	False
LNC_L00248	chr6	30742792	30743638	+	1	ENST00000607333.2	0			2	0.096107	0	LOW	known	True	True	antisense	TUBB	ENSG00000196230.14	17255	249.479	False
LNC_L00252	chr6	32894793	32903758	+	1	ENST00000701517.1	0			2	0.0227421	0	LOW	known	True	True	intergenic	PSMB9	ENSG00000240065.8	34943	30.9667	False
LNC_L00254	chr6	34696958	34697470	+	1	ENST00000606496.2	0			2	0.03919	0	LOW	known	True	True	intergenic	SNRPC	ENSG00000124562.10	60035	67.6594	False
LNC_L00261	chr7	1160431	1165212	+	1	ENST00000422230.1	0			2	0.0765101	0	LOW	known	True	True	antisense	GPER1	ENSG00000164850.16	66617	12.0402	False
LNC_L00263	chr7	7548111	7552802	-	1	ENST00000608770.1	0			2	0.0349363	0	LOW	known	True	True	intergenic	COL28A1	ENSG00000215018.10	12239	4.18461	False
LNC_L00268	chr7	27113598	27122879	+	1	ENST00000522193.1	0			2	0.0637885	0	LOW	known	True	True	antisense	EVX1	ENSG00000106038.13	119821	0.0315264	True
LNC_L00283	chr7	74058904	74062287	-	1	ENST00000435932.2	0			2	0.033376	0	LOW	known	False	True	antisense	RFC2	ENSG00000049541.11	169212	18.9041	False
LNC_L00303	chr8	34007855	34039104	+	1	ENST00000521541.1	0			2	0.0234274	0	LOW	known	True	True	intergenic	MAK16	ENSG00000198042.11	506594	9.92756	False
LNC_L00308	chr8	98996762	99012999	-	1	ENST00000521696.1	0			2	0.0240187	0	LOW	known	True	True	intergenic	STK3	ENSG00000104375.17	53936	4.91868	False
LNC_L00309	chr8	103132962	103141313	-	1	ENST00000436771.3	0			2	0.480357	0	LOW	known	True	True	antisense	AZIN1	ENSG00000155096.15	239099	61.2769	False
LNC_L00317	chr9	62474028	62476333	-	1	ENST00000514120.2	0			2	0.172946	0	LOW	novel	False	False	intergenic	FOXD4L5	ENSG00000204779.2	2805768	0.03167	True
LNC_L00327	chrX	13955392	13964523	+	1	ENST00000448948.1	0			2	0.257262	0	LOW	known	True	True	intergenic	OFD1	ENSG00000046651.16	177438	19.8786	False
LNC_L00329	chrX	46545510	46548408	+	1	ENST00000421685.2	0			2	0.0553522	0	LOW	known	True	True	intergenic	CHST7	ENSG00000147119.4	25357	9.93987	False
